จังหวัด,จังหวัด,จ.จันทบุรี,จ.ฉะเชิงเทรา,จ.ชลบุรี,จ.ชลบุรี,จ.ชลบุรี,ตราด,จ.ปราจีนบุรี,จ.ปราจีนบุรี,จ.ระยอง,จ.ระยอง,จ.ระยอง,จ.ระยอง,จ.ระยอง,จ.ระยอง,จ.สระแก้ว,จ.สมุทรปราการ,จ.สมุทรปราการ,จ.สมุทรปราการ,จ.สมุทรปราการ,จ.สมุทรปราการ,,,,
อำเภอ,อำเภอ,ต.วัดใหม่  อ.เมือง,ต.วังเย็น  อ.แปลงยาว,ต.ทุ่งสุขลา  อ.ศรีราชา,ต.บ่อวิน  อ.ศรีราชา,ต.บ้านสวน  อ.เมือง,ต.บางพระ  อ.เมือง,ต.ท่าตูม  อ.ศรีมหาโพธิ,ต.รอบเมือง,ต.ปลวกแดง  อ.ปลวกแดง,ต.มาบตาพุด  อ.เมือง,สนามกีฬา อ.เมือง,ต.ห้วยโป่ง  อ.เมือง,ต.เนินพระ  อ.เมือง,ต.ตะพง  อ.เมือง,ต.อรัญประเทศ  อ.อรัญประเทศ,ต.ทรงคนอง อ.พระประแดง,ต.บางโปรง  อ.เมือง,ต.ตลาด อ.พระประแดง,ต.ปากน้ำ  อ.เมือง,ต.บางเสาธง  อ.บางเสาธง,,,,
วันที่,ช่วงเวลา,100t,60t,32t,33t,34t,87t,77t,03O,28t,29t,30t,31t,74t,o38,71t,08t,16t,17t,18t,19t,,,,
28/10/2023,07:00,17.1,19.7,0.0,14.2,14.8,11.9,14.5,NA,17.1,8.7,NA,28.1,8.7,15.1,6.9,27.9,22.8,22.4,30.0,23.9,,,,
29/10/2023,07:00,19.3,32.6,0.0,18.3,19.3,21.7,18.6,NA,13.1,26.7,NA,42.9,14.9,19.2,4.2,25.7,17.9,21.2,32.4,26.1,,,,
30/10/2023,07:00,8.4,5.6,0.0,13.7,13.0,12.6,13.2,NA,14.0,14.2,NA,21.9,6.3,16.7,9.6,27.1,25.2,26.8,34.4,21.8,,,,
31/10/2023,07:00,3.8,6.0,0.0,6.2,8.5,10.3,7.4,NA,8.2,7.9,NA,7.8,6.7,6.8,7.6,19.0,20.0,18.3,23.7,17.7,,,,
1/11/2023,07:00,16.1,7.9,7.7,12.3,21.7,16.2,18.8,NA,11.5,11.8,NA,20.4,8.3,14.2,16.6,22.9,19.5,18.6,23.4,19.8,,,,
2/11/2023,07:00,12.4,15.4,8.6,16.3,22.0,0.0,22.3,NA,12.7,13.9,NA,23.9,16.0,14.3,21.0,36.0,30.4,30.5,39.9,28.9,,,,
3/11/2023,07:00,33.2,21.6,13.3,20.0,23.6,0.0,23.6,NA,20.4,28.8,NA,32.7,13.4,20.2,21.8,44.7,44.6,34.5,46.5,40.3,,,,
4/11/2023,07:00,15.2,11.8,24.4,30.6,28.0,0.0,22.5,NA,0.0,25.0,NA,33.2,19.9,24.3,17.2,39.4,34.5,34.3,43.5,28.5,,,,
5/11/2023,07:00,22.5,28.2,11.9,24.3,19.8,0.0,19.0,NA,28.2,20.5,NA,28.8,18.1,16.4,12.9,37.8,30.7,31.3,40.5,30.1,,,,
6/11/2023,07:00,30.0,21.3,16.2,9.3,11.3,0.0,21.9,NA,12.9,22.3,NA,13.5,19.5,14.6,8.0,41.2,27.8,29.7,40.9,23.1,,,,
7/11/2023,07:00,27.8,21.3,18.3,17.3,10.3,13.5,18.4,NA,11.8,5.0,NA,12.1,24.1,0.0,3.0,31.8,19.4,22.1,29.9,20.9,,,,
8/11/2023,07:00,27.9,21.8,13.9,18.8,22.1,13.9,17.3,NA,18.1,15.2,NA,16.6,13.7,11.7,9.4,37.7,27.2,24.1,39.7,19.6,,,,
9/11/2023,07:00,17.5,18.9,29.1,30.0,22.6,13.7,14.8,NA,12.1,23.4,NA,15.3,11.7,11.9,8.8,21.0,23.2,23.5,36.4,33.9,,,,
10/11/2023,07:00,23.8,0.0,13.3,16.3,14.3,14.4,11.6,NA,23.7,25.1,NA,15.2,10.6,11.4,6.3,50.4,53.5,33.6,42.3,16.3,,,,
11/11/2023,07:00,10.0,0.0,16.8,14.4,20.1,10.3,15.8,NA,43.8,20.7,NA,0.0,21.9,17.9,5.0,32.3,30.9,39.3,42.1,20.5,,,,
12/11/2023,07:00,18.1,7.7,12.3,16.5,11.3,18.4,23.1,NA,12.2,12.6,NA,8.8,10.2,19.2,6.9,25.9,27.2,24.0,32.5,20.5,,,,
13/11/2023,07:00,23.9,24.1,8.0,7.1,17.7,8.7,21.7,NA,13.9,22.7,NA,31.3,17.3,23.7,7.9,26.9,29.0,23.9,31.0,26.8,,,,
14/11/2023,07:00,16.4,0.0,4.4,12.9,5.6,15.3,10.2,NA,16.2,19.6,NA,10.3,9.3,6.4,5.7,18.8,14.3,17.3,23.8,13.0,,,,
15/11/2023,07:00,4.7,0.0,5.0,0.0,8.5,11.4,15.2,NA,11.2,9.4,NA,15.0,7.0,11.8,2.2,25.8,0.0,22.5,25.0,13.5,,,,
16/11/2023,07:00,7.0,13.3,7.4,10.3,10.4,10.7,13.5,NA,17.3,16.7,NA,15.5,3.2,7.1,8.7,20.0,12.9,18.7,26.4,11.8,,,,
17/11/2023,07:00,3.2,3.4,3.5,4.3,6.0,7.4,16.1,NA,4.9,7.2,NA,5.2,3.2,4.8,4.1,17.8,4.7,11.5,20.8,10.1,,,,
18/11/2023,07:00,20.5,14.7,9.2,15.3,15.5,23.5,24.8,NA,13.0,15.1,NA,22.4,13.0,14.7,15.5,0.0,18.8,21.4,27.5,22.2,,,,
19/11/2023,07:00,31.3,24.9,14.6,0.0,23.1,22.6,29.4,NA,12.3,22.6,NA,32.3,14.7,21.8,17.5,0.0,21.0,29.7,32.7,24.7,,,,
20/11/2023,07:00,24.2,24.1,11.9,12.1,23.1,27.9,30.8,NA,20.1,28.3,NA,28.2,20.9,37.6,20.9,0.0,30.2,34.4,46.2,29.7,,,,
21/11/2023,07:00,23.5,24.7,16.0,16.0,22.0,22.8,27.5,NA,28.6,26.6,NA,26.2,25.2,31.7,25.9,0.0,29.0,36.8,44.4,34.3,,,,
22/11/2023,07:00,27.6,23.1,18.6,13.1,26.0,18.4,32.5,NA,21.8,22.4,NA,25.5,26.1,30.1,26.2,38.0,36.6,35.4,44.8,30.8,,,,
23/11/2023,07:00,27.9,0.0,16.5,21.5,29.6,20.0,30.4,NA,24.1,23.0,NA,22.8,16.3,22.0,21.5,45.8,40.6,41.3,44.8,34.0,,,,
24/11/2023,07:00,23.9,20.8,10.2,12.1,17.0,26.9,15.7,NA,19.1,16.3,NA,20.4,16.5,13.9,0.0,26.1,23.2,27.8,31.6,13.4,,,,
25/11/2023,07:00,10.1,20.6,9.1,14.8,12.6,20.6,19.6,NA,17.1,5.2,NA,12.8,14.5,15.9,15.5,26.0,19.1,23.9,30.7,22.9,,,,
26/11/2023,07:00,18.0,26.3,11.0,15.8,17.8,21.7,13.0,NA,20.9,25.8,NA,24.0,19.9,16.9,10.3,35.9,36.7,37.3,45.5,26.4,,,,
27/11/2023,07:00,7.1,9.5,4.2,8.3,11.4,12.0,13.0,NA,6.9,6.4,NA,10.1,5.3,7.9,7.2,15.9,11.5,16.5,19.6,10.0,,,,
28/11/2023,07:00,30.3,28.5,14.5,20.6,29.2,19.6,41.2,NA,21.3,12.0,NA,19.4,16.8,25.0,22.7,34.9,25.2,34.3,43.7,27.9,,,,
29/11/2023,07:00,35.5,24.5,24.3,29.4,27.3,24.8,35.6,NA,21.0,26.0,NA,17.4,30.5,32.1,25.2,48.8,48.0,42.3,52.2,40.1,,,,
30/11/2023,07:00,30.5,40.5,26.6,23.8,32.2,27.1,32.6,NA,26.0,46.2,NA,31.6,26.1,25.0,27.0,42.1,49.2,44.0,54.3,39.8,,,,
1/12/2023,07:00,16.6,25.6,25.6,17.3,20.9,21.3,23.1,NA,18.0,36.1,NA,32.9,28.4,24.7,19.4,31.1,24.6,18.9,37.7,27.3,,,,
2/12/2023,07:00,6.5,12.6,6.5,7.7,9.1,11.0,14.5,NA,9.5,11.9,NA,7.5,4.8,11.3,7.8,21.9,13.3,21.7,26.2,13.9,,,,
3/12/2023,07:00,10.7,11.2,3.2,8.7,9.9,12.9,13.1,NA,7.6,10.9,NA,11.1,3.4,10.6,5.9,22.8,16.4,23.1,22.2,12.7,,,,
4/12/2023,07:00,16.3,15.0,7.0,12.9,12.5,13.0,14.0,NA,13.1,16.2,NA,23.1,4.3,14.7,7.7,21.9,18.8,23.1,27.5,20.8,,,,
5/12/2023,07:00,20.8,19.7,8.8,13.0,27.0,13.2,20.5,NA,12.2,17.8,NA,21.0,8.2,17.1,9.9,42.7,32.2,35.6,44.4,29.7,,,,
6/12/2023,07:00,30.0,23.5,12.5,28.8,29.1,13.7,16.0,NA,9.9,38.3,NA,74.1,15.6,17.3,17.0,44.0,32.6,33.6,52.5,21.8,,,,
7/12/2023,07:00,16.6,12.6,4.9,14.3,15.8,4.7,10.8,NA,9.1,30.0,NA,54.5,8.5,13.3,3.4,18.0,14.3,15.3,24.2,12.0,,,,
8/12/2023,07:00,28.1,15.8,14.2,13.3,22.4,14.0,26.9,NA,19.1,17.1,NA,21.8,16.9,14.7,18.5,24.0,27.6,23.8,34.1,23.3,,,,
9/12/2023,07:00,28.0,20.5,14.3,29.4,28.9,19.5,21.8,NA,28.7,38.2,NA,50.1,33.3,30.8,13.9,33.8,26.6,28.8,35.0,22.7,,,,
10/12/2023,07:00,29.4,38.6,40.4,27.8,43.0,30.7,27.4,NA,44.1,43.7,NA,78.3,24.6,32.1,28.7,102.7,59.2,62.9,108.2,49.7,,,,
10/12/2023,07:00,29.4,38.6,40.4,27.8,43.0,30.7,27.4,NA,44.1,43.7,NA,78.3,24.6,32.1,28.7,102.7,59.2,62.9,108.2,49.7,,,,
12/12/2023,07:00,41.1,NA,35.2,43.4,56.1,23.1,26.0,NA,55.3,51.3,NA,53.0,33.5,26.8,21.6,83.3,65.7,60.7,157.6,45.7,,,,
13/12/2023,07:00,35.0,26.7,24.0,35.0,46.8,27.0,25.7,NA,61.3,71.7,NA,52.7,31.4,28.1,17.8,64.8,43.5,49.9,70.5,30.8,,,,
14/12/2023,07:00,23.9,21.2,8.1,12.4,25.7,14.6,31.1,NA,18.9,9.5,NA,17.4,23.1,18.3,19.1,34.9,34.7,29.6,37.5,25.3,,,,
15/12/2023,07:00,33.5,27.3,10.2,22.0,31.5,18.1,30.2,NA,27.0,27.2,NA,23.7,29.1,22.1,18.3,64.3,58.4,54.7,62.5,21.0,,,,
16/12/2023,07:00,31.0,24.5,19.2,33.5,30.2,18.7,26.0,NA,34.7,69.5,NA,47.7,34.5,41.6,27.6,47.8,48.7,51.6,56.5,35.9,,,,
17/12/2023,07:00,27.1,17.2,16.7,24.4,27.1,16.0,16.0,NA,27.7,47.9,NA,47.3,20.3,18.4,12.1,26.9,27.8,38.1,34.5,20.7,,,,
18/12/2023,07:00,16.8,12.9,6.5,7.1,15.5,5.4,15.3,NA,9.3,12.8,NA,10.4,10.8,0.0,6.6,19.1,15.8,24.2,25.5,15.6,,,,
19/12/2023,07:00,25.2,23.4,9.0,17.9,38.3,18.5,22.9,NA,18.1,22.5,NA,13.0,15.4,12.9,15.8,36.7,40.8,39.9,45.9,29.2,,,,
20/12/2023,07:00,23.0,31.3,9.6,14.0,19.6,29.3,16.9,NA,16.2,31.5,NA,14.2,12.4,12.8,9.1,32.8,23.3,27.5,31.1,22.0,,,,
21/12/2023,07:00,12.6,13.1,4.5,8.4,14.2,10.0,13.0,NA,12.2,11.0,NA,6.9,9.0,5.8,6.0,15.1,14.1,17.0,22.1,0.0,,,,
22/12/2023,07:00,4.1,19.2,8.9,9.9,13.9,7.5,18.0,NA,13.5,7.8,NA,6.4,3.2,5.5,12.0,20.0,12.5,19.0,25.3,0.0,,,,
23/12/2023,07:00,18.2,19.8,23.1,18.4,21.6,17.1,31.2,NA,20.1,18.5,NA,16.4,14.8,12.0,15.4,30.9,28.2,25.2,39.5,22.7,,,,
24/12/2023,07:00,23.3,22.5,17.5,23.4,20.1,17.1,29.2,NA,20.7,27.7,NA,31.1,25.5,21.6,17.4,24.2,18.6,26.9,31.6,24.1,,,,
25/12/2023,07:00,15.6,22.5,19.6,22.7,22.5,23.5,36.5,NA,16.8,26.7,NA,26.2,21.8,15.8,27.0,31.1,31.3,30.8,35.8,28.7,,,,
26/12/2023,07:00,28.7,34.4,21.4,25.5,37.3,27.8,38.7,NA,31.7,46.1,NA,42.3,40.4,41.5,22.5,58.9,52.3,52.7,67.2,47.3,,,,
27/12/2023,07:00,28.9,35.6,30.7,23.6,29.2,31.5,26.4,NA,24.6,31.3,NA,37.7,24.0,19.2,17.0,45.8,43.7,47.0,58.7,43.6,,,,
28/12/2023,07:00,28.7,33.8,17.3,23.3,38.4,19.2,23.6,NA,29.3,33.3,NA,27.0,24.9,14.9,15.5,43.9,32.1,46.6,48.5,39.0,,,,
29/12/2023,07:00,19.9,27.0,41.4,44.0,42.0,28.6,NA,NA,45.9,34.1,NA,24.0,20.6,23.5,21.2,NA,25.4,18.8,27.3,24.4,,,,
30/12/2023,07:00,26.8,30.8,8.4,17.9,21.1,13.6,26.0,NA,22.7,26.4,NA,23.2,15.1,16.2,24.7,58.7,51.5,38.2,71.1,32.0,,,,
31/12/2023,07:00,27.2,21.7,24.7,27.4,31.2,19.6,28.5,NA,31.4,36.1,NA,34.9,24.8,23.6,16.1,43.1,44.4,42.5,50.1,38.9,,,,
1/1/2024,07:00,28.7,31.3,12.0,22.9,29.4,18.6,31.3,NA,36.6,44.0,NA,35.8,24.3,22.4,7.8,40.5,38.1,41.3,49.9,23.8,,,,
2/1/2024,07:00,32.1,28.0,20.0,31.0,39.8,27.6,23.6,NA,42.3,40.4,NA,30.3,18.0,24.4,15.7,46.0,36.4,41.3,58.0,29.4,,,,
3/1/2024,07:00,28.3,38.2,10.6,20.8,32.6,19.8,35.4,NA,28.8,23.4,NA,20.5,18.9,26.6,26.4,34.9,24.9,33.7,33.0,31.2,,,,
4/1/2024,07:00,26.4,24.4,20.0,34.1,27.7,22.3,26.1,NA,35.8,31.7,NA,24.2,37.5,23.3,16.8,55.2,22.1,50.9,43.3,33.2,,,,
5/1/2024,07:00,26.3,27.3,12.3,24.7,21.8,24.5,34.8,NA,42.9,32.8,NA,29.0,29.0,20.3,19.4,30.1,26.6,33.7,41.4,35.0,,,,
6/1/2024,07:00,30.1,37.1,24.1,24.6,37.2,22.4,42.4,NA,37.1,31.2,NA,28.0,26.0,36.2,18.6,39.8,38.7,44.0,42.0,38.3,,,,
7/1/2024,07:00,30.1,38.9,24.4,35.1,38.3,34.7,37.7,NA,51.6,42.4,NA,42.1,44.1,40.9,24.8,48.6,40.8,46.1,53.1,40.5,,,,
8/1/2024,07:00,33.4,31.6,34.9,41.6,69.6,32.2,50.6,NA,40.1,48.9,NA,34.6,36.4,39.1,32.7,50.0,49.0,43.6,52.9,36.9,,,,
9/1/2024,07:00,44.7,56.3,39.0,44.2,48.8,32.1,47.8,NA,46.5,61.4,37.7,50.9,35.7,37.6,42.8,77.6,83.3,82.7,107.0,42.8,,,,
10/1/2024,07:00,43.8,NA,28.7,47.7,59.1,39.1,56.9,NA,56.1,71.6,34.3,74.2,35.9,27.2,75.0,52.9,32.7,42.8,52.1,56.3,,,,
11/1/2024,07:00,45.9,63.8,31.1,37.9,59.9,33.1,53.6,NA,46.8,54.8,27.9,NA,25.3,32.4,56.3,37.9,26.7,35.7,40.6,41.3,,,,
12/1/2024,07:00,50.5,49.3,29.8,30.8,39.3,33.9,45.0,NA,47.1,41.0,28.3,20.1,19.1,23.3,48.0,37.7,24.6,31.2,33.3,23.5,,,,
13/1/2024,07:00,35.6,48.5,27.1,29.6,58.1,18.7,62.7,NA,32.7,36.5,27.1,29.4,23.2,37.2,48.4,31.9,19.0,28.5,28.7,34.0,,,,
14/1/2024,07:00,48.6,77.6,31.9,33.2,45.8,36.5,55.4,NA,43.9,55.1,31.0,39.4,23.3,30.6,25.4,69.5,37.1,41.9,86.4,44.9,,,,
15/1/2024,07:00,37.4,59.7,18.8,34.4,39.3,38.5,26.3,NA,47.9,40.3,26.9,35.4,31.6,21.8,18.6,33.9,33.3,38.5,43.0,24.8,,,,
16/1/2024,07:00,37.7,44.5,17.1,33.2,36.9,33.2,24.5,NA,56.3,50.7,37.5,56.2,41.6,36.0,20.0,34.8,29.9,30.9,42.6,30.6,,,,
17/1/2024,07:00,40.4,57.7,33.7,33.7,54.6,38.9,28.7,NA,55.8,53.2,NA,47.1,48.1,37.2,25.2,37.8,23.4,34.8,41.8,42.4,,,,
18/1/2024,07:00,47.8,72.2,44.6,44.6,68.3,39.3,48.4,NA,77.2,61.1,NA,49.6,67.6,49.3,0.0,60.9,65.8,47.3,72.7,66.7,,,,
19/1/2024,07:00,55.5,83.9,38.7,38.7,62.4,49.5,45.0,NA,74.1,74.6,NA,65.3,77.7,51.6,52.7,95.3,58.7,70.2,104.7,70.5,,,,
20/1/2024,07:00,48.5,75.2,42.3,46.2,67.0,52.4,63.7,NA,74.8,91.1,49.5,74.6,71.1,44.8,55.1,78.8,48.0,52.9,97.8,85.0,,,,
21/1/2024,07:00,49.1,85.3,30.0,32.4,35.9,53.5,73.8,NA,62.6,41.9,43.6,35.2,31.0,32.2,50.6,34.9,27.7,36.0,40.5,39.2,,,,
22/1/2024,07:00,48.4,81.1,26.7,30.1,54.4,53.0,79.5,NA,46.8,45.5,33.4,33.1,25.3,28.0,89.4,55.7,51.2,49.4,54.1,47.0,,,,
23/1/2024,07:00,38.3,58.7,58.2,47.4,52.5,42.5,63.1,NA,49.5,53.6,37.7,46.6,44.3,39.2,25.9,64.1,45.5,49.6,72.2,52.2,,,,
24/1/2024,07:00,23.8,17.3,13.5,18.4,20.5,32.0,20.1,NA,24.0,21.3,17.8,26.9,13.7,21.4,7.3,25.1,NA,25.8,34.1,30.2,,,,
25/1/2024,07:00,25.6,24.8,16.3,NA,32.4,32.0,23..7,NA,26.7,32.4,23.5,28.4,26.7,20.9,11.2,28.9,25.5,26.5,36.1,30.4,,,,
26/1/2024,07:00,30.8,37.2,26.3,20.4,25.2,38.4,30.4,NA,24.9,27.7,27.1,28.3,28.2,24.7,22.4,31.2,31.9,30.1,40.1,32.6,,,,
27/1/2024,07:00,28.2,39.1,48.3,35.4,36.3,39.0,41.1,NA,37.6,39.9,41.5,38.6,42.3,41.4,40.4,41.3,36.1,32.2,56.4,43.6,,,,
28/1/2024,07:00,39.0,NA,31.3,56.2,45.7,55.3,52.4,NA,59.6,86.8,46.7,69.0,44.8,39.7,30.9,63.4,62.7,59.9,83.5,69.3,,,,
29/1/2024,07:00,40.5,32.4,27.9,32.6,40.8,54.2,35.1,NA,32.5,46.1,31.6,49.0,26.9,35.9,18.7,38.9,35.1,39.9,45.2,40.1,,,,
30/1/2024,07:00,36.4,44.5,38.7,49.4,56.0,54.4,57.0,NA,42.4,36.8,43.0,57.1,45.0,42.6,34.5,82.4,65.2,69.6,117.0,66.5,,,,
31/1/2024,07:00,55.2,75.9,63.8,41.5,58.9,55.3,82.6,NA,34.1,NA,43.5,38.1,23.2,40.0,62.0,66.2,57.4,54.9,99.5,64.0,,,,
1/2/2024,07:00,48.0,NA,22.4,30.0,51.8,39.6,90.6,NA,NA,48.5,31.5,35.8,29.4,27.3,71.1,39.9,31.2,36.7,43.2,48.3,,,,
2/2/2024,07:00,22.1,38.8,21.5,21.3,22.3,27.9,91.2,NA,24.0,29.3,18.6,22.2,20.5,17.8,39.5,26.0,20.7,19.6,61.1,27.2,,,,
3/2/2024,07:00,35.2,33.3,28.1,17.4,24.5,34.8,40.1,NA,27.1,31.9,35.8,22.9,27.5,24.7,32.4,33.9,23.2,32.3,34.4,31.1,,,,
4/2/2024,07:00,34.9,26.8,32.5,28.8,23.2,31.2,43.1,NA,29.3,NA,25.4,25.9,26.0,22.8,28.6,32.0,23.7,28.9,NA,40.6,,,,
5/2/2024,07:00,45.0,39.9,25.9,23.8,36.2,37.7,56.8,NA,37.8,31.0,26.6,26.5,21.5,16.6,39.5,32.0,24.9,33.0,NA,31.2,,,,
6/2/2024,07:00,35.6,40.2,33.0,20.7,42.3,41.9,53.4,NA,31.7,31.7,30.4,28.7,24.6,26.2,41.9,32.9,24.0,30.4,34.3,30.7,,,,
7/2/2024,07:00,33.6,42.5,20.7,23.5,24.0,30.3,61.3,NA,26.2,21.9,29.2,25.9,24.3,21.5,29.4,31.9,24.3,33.8,28.1,27.6,,,,
8/2/2024,07:00,34.6,38.3,28.6,22.6,28.2,30.3,55.5,NA,32.4,NA,25.8,20.0,23.3,19.1,40.7,26.1,20.8,29.3,28.5,30.1,,,,
9/2/2024,07:00,41.2,23.0,28.8,29.6,35.0,31.0,37.4,NA,35.2,28.8,20.1,21.3,29.5,15.5,29.9,27.1,19.3,28.2,33.4,33.8,,,,
10/2/2024,07:00,32.7,35.6,19.0,24.3,40.0,34.4,39.4,NA,24.3,19.6,29.3,19.6,16.5,21.0,25.7,38.9,28.4,35.9,39.4,31.8,,,,
11/2/2024,07:00,34.8,29.8,21.9,23.4,30.0,41.2,40.5,NA,23.5,24.7,33.0,23.1,19.8,28.4,23.5,40.0,31.3,35.2,37.7,38.0,,,,
12/2/2024,07:00,43.1,43.4,32.6,34.1,44.0,56.9,NA,NA,47.3,38.6,44.7,40.7,38.0,36.8,34.9,52.0,44.2,44.8,48.4,46.2,,,,
13/2/2024,07:00,48.0,63.8,24.9,31.6,47.8,71.3,53.2,NA,58.0,56.0,47.3,44.0,35.2,39.2,32.5,48.0,65.8,53.1,57.1,51.8,,,,
14/2/2024,07:00,47.8,59.5,58.3,57.2,60.1,62.7,64.7,NA,57.5,67.1,53.4,56.0,54.5,47.8,70.5,77.3,76.8,68.1,83.4,68.0,,,,
15/2/2024,07:00,54.9,80.6,54.8,46.6,48.6,58.4,82.7,NA,57.2,62.4,49.3,51.7,51.4,46.0,87.3,66.3,59.9,57.1,66.1,51.8,,,,
16/2/2024,07:00,27.2,58.2,25.6,30.9,30.2,30.9,65.4,NA,43.2,29.7,21.2,28.7,27.5,21.8,59.2,37.7,31.2,31.3,40.9,34.3,,,,
17/2/2024,07:00,13.6,38.1,18.0,18.7,18.2,27.0,49.4,NA,23.3,22.1,15.6,18.5,18.1,15.6,52.5,42.7,23.0,23.7,34.3,27.3,,,,
18/2/2024,07:00,12.7,27.0,18.0,18.0,13.6,20.6,37.8,NA,14.2,16.1,13.9,17.5,14.2,15.1,28.4,27.4,18.6,19.5,33.7,21.3,,,,
19/2/2024,07:00,15.2,28.0,19.9,18.6,17.1,26.9,27.1,NA,21.7,22.5,16.4,20.4,19.1,17.3,39.4,23.5,17.7,15.8,30.9,21.1,,,,
20/2/2024,07:00,17.1,24.0,12.3,12.7,15.4,21.2,31.6,NA,16.3,17.1,11.7,16.7,14.1,11.6,21.0,18.5,13.9,15.5,25.4,17.9,,,,
21/2/2024,07:00,17.9,22.5,15.0,14.2,16.5,25.4,25.6,NA,18.3,19.3,14.1,16.6,16.4,15.7,19.1,19.2,13.9,15.6,27.6,18.6,,,,
22/2/2024,07:00,16.2,22.7,13.1,13.5,13.7,19.2,28.6,NA,17.7,17.5,12.9,17.3,13.5,12.3,19.1,19.4,14.1,13.3,27.7,19.4,,,,
23/2/2024,07:00,12.5,22.5,12.7,14.2,12.8,15.4,28.3,NA,14.7,16.9,10.6,16.9,13.3,10.3,22.7,19.4,11.2,12.5,25.8,17.4,,,,
24/2/2024,07:00,14.0,23.9,12.4,12.4,11.6,16.7,30.4,NA,16.7,18.6,10.7,18.6,12.2,11.0,28.0,19.7,12.7,12.8,25.5,17.9,,,,
25/2/2024,07:00,16.5,26.0,14.0,13.6,13.9,25.3,35.3,NA,18.6,18.8,12.7,18.8,15.4,11.5,30.8,21.9,13.1,14.3,26.8,19.5,,,,
26/2/2024,07:00,20.1,28.3,13.1,15.0,14.6,27.3,39.8,NA,17.0,20.0,14.0,16.2,16.0,11.5,35.9,21.7,14.1,14.2,29.1,19.8,,,,
27/2/2024,07:00,30.0,36.5,23.8,24.6,23.8,36.0,55.5,NA,31.5,26.6,20.7,25.5,23.8,12.2,55.3,32.0,24.5,24.9,37.3,29.6,,,,
28/2/2024,07:00,31.3,38.0,25.1,25.3,28.2,36.9,47.5,NA,29.4,31.2,23.9,33.0,24.4,24.1,37.0,36.0,28.8,27.7,39.8,31.9,,,,
29/2/2024,07:00,22.3,31.6,17.2,18.2,17.8,32.8,32.1,NA,20.1,25.0,16.0,20.7,16.9,14.2,32.1,24.0,17.4,17.4,29.5,21.6,,,,
1/3/2024,07:00,19.8,26.5,17.8,18.2,14.6,42.8,35.3,NA,20.6,18.2,16.4,18.2,17.0,16.6,26.4,22.2,18.1,18.7,28.9,21.6,,,,
2/3/2024,07:00,25.0,29.2,18.4,18.1,17.8,30.2,38.3,NA,23.1,27.0,18.6,22.1,19.7,18.4,36.6,26.1,18.2,21.8,31.9,23.7,,,,
3/3/2024,07:00,24.0,29.2,23.6,24.4,24.3,32.4,41.2,NA,27.2,30.3,21.0,23.5,22.9,21.9,47.5,29.0,23.5,24.8,37.0,24.8,,,,
4/3/2024,07:00,23.3,31.2,17.4,18.5,18.7,29.1,39.9,NA,20.2,24.4,16.0,21.0,20.9,17.4,31.5,27.2,21.7,21.8,33.9,23.9,,,,
5/3/2024,07:00,17.2,24.5,18.5,14.9,14.9,24.2,30.5,NA,20.4,22.6,15.9,20.6,17.2,15.8,23.3,26.2,19.0,20.8,33.7,22.6,,,,
6/3/2024,07:00,16.5,24.8,17.9,17.3,17.3,23.9,38.1,NA,22.2,24.6,15.7,18.6,18.4,17.0,24.9,25.3,18.5,18.9,33.1,22.5,,,,
7/3/2024,07:00,19.9,23.2,18.5,17.4,18.7,22.4,30.3,NA,21.4,25.4,15.8,22.2,19.1,16.1,20.7,26.3,19.3,19.5,33.7,22.9,,,,
8/3/2024,07:00,19.2,NA,19.9,19.9,21.7,24.4,31.9,NA,NA,23.4,16.6,20.4,18.6,16.1,25.4,30.0,23.7,25.7,36.6,24.8,,,,
9/3/2024,07:00,24.7,24.1,20.2,19.0,20.3,27.8,29.7,NA,21.1,24.7,19.1,21.2,18.7,20.0,26.7,26.2,16.6,17.9,32.1,22.5,,,,
10/3/2024,07:00,17.6,27.9,14.4,16.5,15.7,28.1,31.4,NA,16.8,19.2,17.2,17.2,15.3,15.6,25.0,20.6,13.8,14.9,27.7,18.8,,,,
11/3/2024,07:00,NA,32.0,29.4,28.0,26.4,47.4,39.9,NA,32.7,35.1,28.6,27.0,27.0,31.0,35.7,29.9,23.8,22.8,38.2,24.9,,,,
12/3/2024,07:00,NA,30.8,28.8,25.8,28.8,35.9,39.0,NA,28.6,33.6,24.3,27.3,29.5,29.5,39.7,35.0,29.4,30.4,43.9,31.9,,,,
13/3/2024,07:00,22.6,24.7,19.3,18.6,23.7,21.7,38.3,NA,20.4,21.8,16.4,19.7,17.8,17.3,31.3,29.3,27.2,22.8,35.3,24.4,,,,
14/3/2024,07:00,19.1,23.4,15.2,15.5,14.9,21.3,30.4,NA,17.7,20.5,13.8,14.3,13.7,14.8,22.7,25.0,18.1,21.4,30.2,18.8,,,,
15/3/2024,07:00,25.8,30.0,13.6,21.2,16.8,27.0,31.9,NA,19.8,19.0,20.3,14.6,21.0,20.9,18.6,25.0,22.7,23.1,32.9,23.3,,,,
16/3/2024,07:00,21.9,18.1,28.8,14.2,15.9,22.8,19.9,NA,12.4,13.0,25.5,22.7,8.0,20.3,17.7,25.3,18.0,19.4,34.5,25.4,,,,
17/3/2024,07:00,17.3,23.2,15.7,17.4,16.4,21.7,32.4,NA,19.0,17.2,39.6,17.5,14.4,14.8,22.2,27.1,19.0,20.0,31.4,18.7,,,,
18/3/2024,07:00,24.9,28.3,18.4,15.9,16.7,27.9,38.0,NA,22.2,23.7,17.8,20.9,19.7,19.5,27.5,23.7,17.8,19.1,30.4,20.1,,,,
19/3/2024,07:00,30.4,29.2,25.4,22.0,23.9,36.0,43.7,NA,24.7,31.0,22.4,23.8,25.4,26.2,31.8,30.7,23.9,26.6,37.0,25.4,,,,
20/3/2024,07:00,25.3,29.6,23.5,20.8,24.7,30.8,39.3,NA,25.3,24.8,19.9,24.4,20.7,21.2,34.8,32.6,25.2,26.8,39.6,26.2,,,,
21/3/2024,07:00,36.4,32.8,41.6,35.9,31.4,32.1,34.5,NA,37.2,48.2,39.6,37.8,34.1,45.4,27.5,50.7,42.6,37.9,62.7,44.7,,,,
22/3/2024,07:00,34.5,53.3,45.8,34.4,32.3,39.5,55.8,NA,40.3,43.0,38.3,39.7,35.5,33.7,36.7,53.6,40.8,40.6,55.0,36.8,,,,
23/3/2024,07:00,36.4,30.7,20.1,31.6,20.1,32.0,34.9,NA,22.3,30.1,24.7,26.0,26.5,26.5,22.3,25.1,19.2,17.8,36.4,12.4,,,,
24/3/2024,07:00,20.4,24.1,15.9,18.3,16.0,24.7,29.6,NA,19.2,22.6,15.0,17.7,16.9,17.5,20.2,24.8,17.5,18.1,30.7,17.7,,,,
25/3/2024,07:00,20.7,26.9,17.8,18.8,16.4,27.8,34.7,NA,20.6,25.0,16.9,19.9,19.3,16.9,21.7,25.7,18.9,18.9,33.2,18.5,,,,
26/3/2024,07:00,19.1,28.2,16.7,19.8,17.5,21.8,34.0,NA,21.1,24.2,13.7,18.8,15.7,14.6,21.2,25.0,19.0,18.7,31.0,17.7,,,,
27/3/2024,07:00,17.2,24.9,14.4,16.9,14.5,24.5,28.2,NA,17.1,17.8,13.5,18.3,14.7,14.1,23.9,20.9,14.5,14.5,28.3,17.4,,,,
28/3/2024,07:00,19.9,24.7,16.3,15.5,16.4,26.8,35.1,NA,17.4,22.6,16.9,20.6,15.8,16.0,22.4,24.1,18.7,17.7,29.6,18.8,,,,
29/3/2024,07:00,25.1,23.0,18.3,14.9,18.1,33.3,33.6,NA,22.3,25.4,17.4,21.7,20.0,16.6,22.9,24.8,16.6,18.2,30.0,18.0,,,,
30/3/2024,07:00,24.1,31.9,20.0,20.9,23.6,27.4,36.2,NA,21.6,27.4,16.6,21.5,17.5,17.1,24.6,24.9,19.7,21.6,32.1,22.3,,,,
31/3/2024,07:00,14.3,23.8,12.3,14.9,14.7,21.0,28.1,NA,15.4,20.1,12.6,17.4,12.3,11.4,16.5,17.5,12.4,12.4,26.0,15.6,,,,
1/4/2024,07:00,10.2,15.4,10.6,10.7,7.8,15.3,23.0,NA,15.2,17.2,10.1,12.3,10.9,8.7,9.4,17.5,12.8,12.6,25.9,13.8,,,,
2/4/2024,07:00,11.7,20.3,17.2,17.2,16.7,13.3,32.3,NA,16.6,20.6,13.0,17.0,12.6,11.6,13.9,30.6,24.3,27.0,36.7,22.9,,,,
3/4/2024,07:00,8.9,19.6,15.6,15.4,16.2,12.1,27.8,NA,16.6,18.7,11.1,17.0,12.3,11.2,14.7,28.8,26.2,28.3,34.9,22.2,,,,
4/4/2024,07:00,11.4,23.2,14.1,16.7,15.6,13.0,28.2,NA,15.3,17.0,10.1,16.6,10.1,8.8,13.5,25.6,21.1,20.1,32.7,20.5,,,,
5/4/2024,07:00,17.3,26.4,17.1,20.4,21.3,20.4,36.7,NA,21.7,22.6,16.9,21.4,16.3,17.5,21.5,25.4,19.0,21.4,31.0,21.7,,,,
6/4/2024,07:00,20.4,31.3,22.8,25.2,22.6,19.4,35.4,NA,27.4,27.2,20.6,22.8,21.9,20.1,22.6,29.7,23.1,21.4,37.1,25.6,,,,
7/4/2024,07:00,16.7,24.7,15.9,19.8,16.7,19.6,30.4,NA,20.2,20.4,13.8,19.3,14.4,13.6,16.5,26.0,19.6,23.7,32.4,20.1,,,,
8/4/2024,07:00,18.4,25.6,18.1,18.9,16.3,21.0,20.9,NA,21.6,23.5,16.1,19.7,17.1,17.0,22.1,25.1,19.3,19.8,33.0,20.4,,,,
9/4/2024,07:00,NA,19.6,7.3,8.1,8.7,14.4,18.0,NA,14.5,15.1,6.8,11.5,9.5,5.3,16.2,17.4,9.8,18.9,23.5,12.6,,,,
10/4/2024,07:00,15.7,21.9,12.4,15.2,10.8,18.7,27.1,NA,12.7,17.9,10.2,15.3,12.1,12.1,24.4,17.4,11.1,9.4,24.3,15.8,,,,
11/4/2024,07:00,12.8,34.3,15.8,20.1,17.5,21.5,45.4,NA,19.6,16.6,14.9,17.7,12.1,13.3,34.6,32.0,24.9,25.2,36.6,29.1,,,,
12/4/2024,07:00,29.7,42.9,32.0,26.8,31.5,43.6,45.4,NA,27.2,33.0,21.0,25.1,22.0,21.7,44.3,44.6,39.3,40.2,53.0,39.3,,,,
13/4/2024,07:00,28.5,29.8,18.3,22.2,17.8,35.5,43.6,NA,22.0,30.6,21.0,23.9,21.8,23.5,33.8,28.3,23.2,23.8,34.3,25.9,,,,
14/4/2024,07:00,26.9,27.6,22.0,20.9,21.0,29.7,41.3,NA,18.6,32.6,20.9,23.6,19.9,21.1,33.2,30.3,25.6,24.5,37.4,27.3,,,,
15/4/2024,07:00,28.5,26.1,21.7,20.5,21.8,30.0,34.7,NA,18.5,30.4,21.1,25.3,19.6,22.4,26.2,28.0,23.7,22.9,35.5,25.1,,,,
16/4/2024,07:00,20.6,26.9,15.6,19.0,15.3,27.9,29.9,NA,19.5,22.0,16.2,21.7,13.8,16.6,22.7,23.3,18.9,19.1,31.8,21.9,,,,
17/4/2024,07:00,20.3,22.4,14.3,14.4,14.9,22.4,30.5,NA,15.4,22.7,13.6,16.8,14.0,13.8,19.6,22.5,17.6,16.7,29.9,20.3,,,,
18/4/2024,07:00,13.8,21.3,13.5,13.0,14.0,18.6,27.7,NA,13.8,17.9,11.5,15.5,11.9,11.0,16.6,21.6,17.3,17.7,29.0,18.6,,,,
19/4/2024,07:00,12.2,18.0,11.8,11.9,11.7,15.8,24.9,NA,12.2,18.5,10.4,15.1,10.8,9.4,13.1,28.6,21.9,25.1,35.3,19.0,,,,
20/4/2024,07:00,13.9,23.1,19.2,16.4,14.2,17.3,28.2,NA,14.9,22.5,15.7,20.2,17.3,16.7,16.2,35.7,33.3,31.9,41.0,26.2,,,,
21/4/2024,07:00,28.4,30.4,31.8,27.5,31.4,17.6,31.8,NA,19.5,34.7,24.4,28.8,23.3,28.7,18.2,45.1,39.7,40.2,49.2,34.9,,,,
22/4/2024,07:00,24.2,34.9,NA,32.3,33.1,23.6,38.5,NA,19.3,37.8,26.9,33.1,29.8,NA,22.1,45.0,43.1,44.7,52.1,28.6,,,,
23/4/2024,07:00,19.0,28.1,17.7,18.7,23.7,17.6,34.5,NA,13.6,24.4,17.0,21.5,19.6,17.4,16.4,32.4,29.1,26.1,39.3,24.2,,,,
24/4/2024,07:00,15.2,20.8,15.0,16.1,22.1,15.5,25.2,NA,9.4,19.2,12.5,18.3,13.0,NA,13.7,26.7,22.0,23.0,33.7,19.9,,,,
25/4/2024,07:00,12.3,17.7,9.8,13.6,11.2,15.8,23.2,NA,18.4,14.3,8.7,13.0,9.9,NA,12.9,19.3,13.8,14.5,26.4,15.2,,,,
26/4/2024,07:00,10.5,15.9,9.6,11.9,10.3,14.6,22.2,NA,17.1,15.9,9.1,12.0,9.8,7.6,14.1,15.7,11.2,9.2,22.6,14.5,,,,
27/4/2024,07:00,10.8,12.0,10.2,9.4,7.1,16.4,20.4,NA,23.8,15.5,8.3,14.1,10.7,NA,10.5,19.5,14.1,13.7,25.6,14.7,,,,
28/4/2024,07:00,7.5,18.3,10.1,10.4,9.1,12.3,22.3,NA,17.4,12.9,7.3,12.5,8.3,NA,6.5,22.0,16.1,16.3,28.1,17.5,,,,
29/4/2024,07:00,5.6,13.0,5.9,5.6,7.4,10.0,17.6,NA,16.9,11.1,5.5,10.9,7.6,NA,7.2,16.8,9.9,7.8,21.6,13.9,,,,
30/4/2024,07:00,4.2,13.3,8.2,6.7,11.5,9.4,18.3,NA,15.5,11.5,6.4,10.6,8.3,NA,7.5,17.2,11.3,11.9,24.0,12.8,,,,
1/5/2024,07:00,7.5,9.4,16.3,18.8,14.9,9.1,21.9,NA,17.3,21.7,11.9,17.7,13.5,13.9,9.3,38.0,30.8,32.4,42.0,21.8,,,,
2/5/2024,07:00,12.8,26.4,33.1,27.5,30.4,15.1,33.8,NA,19.9,40.5,28.8,31.7,28.5,29.8,15.2,45.6,44.6,41.1,49.7,29.7,,,,
3/5/2024,07:00,15.3,31.6,26.1,24.3,25.7,13.9,34.1,NA,16.0,28.1,18.4,27.5,20.2,22.7,NA,38.0,33.9,34.6,NA,26.7,,,,
4/5/2024,07:00,6.9,27.0,19.7,15.5,25.4,9.7,29.4,NA,17.2,22.7,13.7,21.6,15.3,13.1,14.5,32.1,NA,29.5,38.1,21.2,,,,
5/5/2024,07:00,8.5,20.6,25.0,20.9,23.8,10.9,27.5,NA,16.9,26.2,17.3,23.8,17.9,15.5,14.2,37.3,32.2,31.7,44.0,25.5,,,,
6/5/2024,07:00,20.5,27.3,35.5,26.6,29.9,19.7,31.0,NA,15.6,38.3,25.9,34.0,27.1,25.6,25.3,42.2,40.5,37.6,48.6,28.5,,,,
7/5/2024,07:00,16.3,21.6,25.1,21.7,19.7,19.1,30.0,NA,21.9,27.8,15.3,24.2,17.4,15.0,22.6,35.3,30.6,32.2,39.7,22.8,,,,
8/5/2024,07:00,16.4,16.6,11.2,12.1,13.6,21.2,24.4,NA,14.8,19.6,15.6,18.1,12.1,8.2,14.5,26.9,19.8,17.4,37.7,18.5,,,,
9/5/2024,07:00,15.5,22.8,16.8,21.8,20.0,22.5,26.2,NA,22.1,29.8,19.0,21.5,22.0,15.9,16.1,24.6,18.5,18.8,29.9,19.3,,,,
10/5/2024,07:00,11.8,15.0,14.6,15.7,10.3,15.5,26.4,NA,20.6,21.1,12.7,18.3,13.0,10.7,14.1,20.6,12.8,15.5,26.2,17.3,,,,
11/5/2024,07:00,12.8,16.9,18.1,15.8,16.7,17.9,21.6,NA,17.5,24.4,14.3,19.4,15.3,NA,10.3,19.5,13.9,15.8,28.3,17.1,,,,
12/5/2024,07:00,14.5,16.3,20.4,23.9,16.2,19.5,24.2,NA,20.6,27.8,18.6,23.3,20.6,NA,13.4,29.1,22.2,21.5,37.7,21.5,,,,
13/5/2024,07:00,15.2,27.3,32.1,26.1,20.1,NA,30.5,NA,26.9,26.5,17.4,26.2,16.6,18.3,17.4,27.0,21.1,19.1,33.6,20.9,,,,
14/5/2024,07:00,11.6,17.5,14.7,14.9,26.6,20.2,19.4,NA,18.4,19.3,11.6,15.8,14.0,9.9,11.0,24.2,16.5,14.4,35.9,18.7,,,,
15/5/2024,07:00,12.1,19.6,38.0,27.9,15.5,18.0,23.3,NA,25.2,37.8,34.5,31.4,25.8,24.3,14.1,33.0,27.2,30.9,42.2,23.4,,,,
16/5/2024,07:00,18.6,19.0,33.5,23.1,21.7,18.6,25.1,NA,25.1,33.4,21.1,26.0,23.2,18.1,16.7,26.6,19.6,19.8,38.1,23.7,,,,
17/5/2024,07:00,10.0,17.7,21.0,15.0,18.6,17.6,24.0,NA,23.7,25.9,14.0,19.2,14.1,11.0,14.5,26.0,18.3,15.8,30.6,21.1,,,,
18/5/2024,07:00,10.7,14.8,18.1,13.4,15.1,21.2,NA,NA,20.8,16.5,9.4,14.7,11.1,7.5,8.6,20.7,12.0,13.9,29.1,15.6,,,,
19/5/2024,07:00,7.5,16.1,10.5,12.1,9.3,20.5,12.1,NA,26.2,13.7,5.1,13.2,7.9,NA,8.1,17.8,7.1,8.9,26.3,13.3,,,,
20/5/2024,07:00,10.8,10.9,12.7,9.3,11.0,29.8,9.0,NA,21.5,14.4,8.9,13.7,10.2,NA,7.1,20.3,14.1,12.9,29.7,15.0,,,,
21/5/2024,07:00,10.8,10.0,15.2,12.8,10.7,NA,12.9,NA,20.7,17.5,8.2,13.6,11.6,6.9,8.1,22.1,11.5,10.7,23.2,11.0,,,,
22/5/2024,07:00,4.4,8.0,11.0,6.5,8.8,18.0,6.8,NA,17.7,8.7,7.1,10.1,6.6,NA,4.6,19.5,10.6,9.9,24.7,12.0,,,,
23/5/2024,07:00,5.5,6.9,9.3,9.2,9.0,19.3,9.7,NA,19.9,12.3,5.7,9.7,6.5,9.2,4.7,19.3,8.2,8.8,23.7,11.7,,,,
24/5/2024,07:00,4.2,7.4,9.2,8.2,8.1,15.2,7.7,NA,17.2,10.5,6.1,11.0,6.7,8.1,3.0,17.7,8.6,9.1,21.6,12.5,,,,
25/5/2024,07:00,5.5,7.0,9.0,9.1,6.2,23.5,9.2,NA,18.1,NA,4.9,10.0,7.1,10.0,4.0,12.8,6.8,9.2,21.7,11.0,,,,
26/5/2024,07:00,5.2,10.2,8.8,4.5,7.9,10.0,13.9,NA,21.7,NA,5.1,12.4,7.9,9.6,6.3,12.0,6.0,5.9,19.3,10.5,,,,
27/5/2024,07:00,8.0,12.2,10.2,7.6,7.2,13.8,11.5,NA,18.1,NA,8.8,12.2,9.7,10.6,6.4,14.1,7.6,7.8,22.2,11.2,,,,
28/5/2024,07:00,5.2,13.4,11.5,9.5,8.1,NA,12.5,NA,21.2,NA,5.4,10.8,7.4,12.7,9.0,15.3,11.6,10.3,22.8,11.3,,,,
29/5/2024,07:00,6.4,13.0,11.9,9.2,8.0,28.7,17.7,NA,17.6,NA,7.3,13.2,11.8,12.7,8.7,15.6,12.6,11.4,23.6,12.2,,,,
30/5/2024,07:00,15.7,15.5,6.6,9.3,8.6,21.7,17.6,NA,19.3,16.0,7.2,15.0,7.8,10.4,10.8,16.8,12.2,14.1,22.6,12.7,,,,
31/5/2024,07:00,5.3,9.4,7.1,9.2,8.7,10.7,15.1,NA,16.6,11.6,5.2,9.6,4.2,7.6,6.0,14.1,8.4,9.7,22.9,11.0,,,,
1/6/2024,07:00,3.4,7.0,6.4,6.8,7.0,9.7,11.7,NA,15.1,10.4,4.6,12.1,8.1,NA,4.5,19.2,26.8,12.2,26.5,9.9,,,,
2/6/2024,07:00,5.7,10.3,7.0,5.4,5.0,10.6,13.5,NA,13.8,10.8,6.1,9.4,7.8,4.8,4.3,12.0,13.7,13.5,20.7,12.6,,,,
3/6/2024,07:00,12.4,9.3,8.0,7.5,6.1,10.8,13.2,NA,11.2,10.4,5.3,12.4,7.9,4.3,7.5,22.1,18.2,14.2,31.4,16.7,,,,
4/6/2024,07:00,12.0,14.4,9.7,9.5,9.4,14.2,18.1,NA,18.2,15.7,6.9,12.1,10.6,6.4,8.8,18.9,25.0,18.4,NA,21.1,,,,
5/6/2024,07:00,10.0,14.7,10.9,10.2,7.8,11.7,15.8,NA,25.7,18.0,8.2,11.4,16.1,7.4,8.2,21.8,18.4,20.6,30.7,19.3,,,,
6/6/2024,07:00,20.4,13.7,12.7,14.7,7.9,12.2,19.1,NA,15.3,14.3,9.2,20.0,20.1,5.8,4.9,25.8,18.1,23.9,24.4,15.6,,,,
7/6/2024,07:00,19.6,14.4,22.0,15.3,11.6,19.4,19.9,NA,13.0,18.3,10.3,18.7,21.7,6.7,9.8,12.1,18.7,16.0,19.4,7.2,,,,
8/6/2024,07:00,25.1,16.5,9.5,16.7,6.7,15.3,17.8,NA,21.2,13.3,9.5,12.8,15.5,19.5,9.1,19.2,26.8,12.2,26.5,9.9,,,,
9/6/2024,07:00,22.9,16.0,10.6,14.5,11.9,17.5,11.9,NA,11.7,19.6,9.8,10.0,13.4,15.7,9.0,12.0,13.7,13.5,20.7,12.6,,,,
10/6/2024,07:00,13.4,11.1,26.3,11.0,11.0,13.3,9.0,NA,12.5,16.5,11.4,13.4,14.1,13.0,6.8,22.1,18.2,14.2,31.4,16.7,,,,
11/6/2024,07:00,6.6,13.5,6.3,19.7,13.2,14.2,12.0,NA,13.7,32.5,12.8,14.6,15.0,10.1,5.1,18.9,25.0,18.4,NA,21.1,,,,
12/6/2024,07:00,11.4,7.4,12.5,16.5,10.5,8.8,16.9,NA,14.8,10.7,8.1,8.1,19.1,9.2,6.9,21.8,18.4,20.6,30.7,19.3,,,,
13/6/2024,07:00,20.4,13.7,12.7,14.7,7.9,12.2,19.1,NA,15.3,14.3,9.2,20.0,20.1,5.8,4.9,25.8,18.1,23.9,24.4,15.6,,,,
14/6/2024,07:00,19.6,14.4,22.0,15.3,11.6,19.4,19.9,NA,13.0,18.3,10.3,18.7,21.7,6.7,9.8,12.1,18.7,16.0,19.4,7.2,,,,
15/6/2024,07:00,25.1,16.5,9.5,16.7,6.7,15.3,17.8,NA,21.2,13.3,9.5,12.8,15.5,19.5,9.1,19.2,26.8,12.2,26.5,9.9,,,,
16/6/2024,07:00,22.9,16.0,10.6,14.5,11.9,17.5,11.9,NA,11.7,19.6,9.8,10.0,13.4,15.7,9.0,12.0,13.7,13.5,20.7,12.6,,,,
17/6/2024,07:00,13.4,11.1,26.3,11.0,11.0,13.3,9.0,NA,12.5,16.5,11.4,13.4,14.1,13.0,6.8,22.1,18.2,14.2,31.4,16.7,,,,
18/6/2024,07:00,6.6,13.5,6.3,19.7,13.2,14.2,12.0,NA,13.7,32.5,12.8,14.6,15.0,10.1,5.1,18.9,25.0,18.4,NA,21.1,,,,
19/6/2024,07:00,11.4,7.4,12.5,16.5,10.5,8.8,16.9,NA,14.8,10.7,8.1,8.1,19.1,9.2,6.9,21.8,18.4,20.6,30.7,19.3,,,,
20/6/2024,07:00,6.6,10.1,7.0,14.5,22.8,13.8,10.0,NA,11.2,10.4,4.7,11.2,16.7,18.3,10.1,15.0,17.7,8.5,22.3,10.9,,,,
21/6/2024,07:00,8.4,13.2,9.3,16.5,5.2,10.0,10.0,NA,11.3,10.0,4.4,8.8,12.6,NA,NA,10.1,13.7,12.2,NA,13.0,,,,
22/6/2024,07:00,9.1,18.2,5.1,11.2,2.6,9.6,11.0,NA,11.3,10.4,2.6,NA,9.2,6.0,NA,15.0,19.9,11.9,24.1,12.4,,,,
23/6/2024,07:00,7.2,15.0,6.2,8.5,3.6,10.0,16.9,NA,12.6,10.5,2.7,18.5,7.3,5.9,NA,9.0,6.9,6.8,19.8,9.5,,,,
24/6/2024,07:00,6.1,17.2,9.0,7.9,5.4,9.7,15.9,NA,15.6,9.9,3.3,13.8,11.9,7.3,NA,15.8,11.0,13.6,16.6,9.8,,,,
25/6/2024,07:00,4.8,12.9,7.4,8.6,8.8,11.4,12.9,NA,14.0,12.9,6.5,8.1,20.2,NA,4.0,15.9,7.8,11.2,14.8,12.7,,,,
26/6/2024,07:00,10.9,5.7,10.6,8.3,6.9,10.9,15.2,NA,19.3,8.0,5.3,13.8,12.9,4.8,3.1,14.9,11.8,11.9,14.5,10.0,,,,
27/6/2024,07:00,16.0,18.3,13.1,NA,14.9,15.3,18.6,NA,11.2,21.8,11.4,20.0,20.6,21.5,6.2,28.8,20.1,19.8,30.1,18.4,,,,
28/6/2024,07:00,9.5,12.2,6.9,12.1,10.0,15.0,14.0,NA,13.5,16.9,10.6,18.2,14.6,4.0,7.9,20.0,15.8,16.6,28.9,19.0,,,,
29/6/2024,07:00,18.5,12.5,NA,13.7,8.6,16.0,12.1,NA,13.4,18.3,9.2,9.4,17.3,NA,8.0,16.2,7.4,5.1,24.4,13.6,,,,
30/6/2024,07:00,6.6,6.6,8.7,9.9,7.5,11.6,10.4,NA,10.3,28.5,7.6,10.1,11.0,5.9,4.1,23.9,20.2,23.8,25.5,10.6,,,,
1/7/2024,07:00,5.3,23.1,10.5,9.3,11.9,12.2,12.3,NA,15.4,7.6,8.5,13.0,3.5,49.7,2.0,10.0,14.5,10.5,34.0,18.0,,,,
2/7/2024,07:00,18.9,16.5,14.8,18.9,6.5,11.9,14.0,NA,13.8,27.9,12.2,8.8,7.8,27.0,10.8,14.0,14.7,10.9,27.2,13.2,,,,
3/7/2024,07:00,23.3,19.5,15.8,18.2,8.9,13.5,27.8,NA,15.1,41.4,13.3,20.7,6.4,10.4,10.5,16.0,12.4,8.7,22.2,14.3,,,,
4/7/2024,07:00,5.9,14.1,NA,13.9,11.5,19.6,9.9,NA,10.6,20.1,8.5,7.3,4.6,11.9,4.5,19.0,11.4,15.9,26.7,14.5,,,,
5/7/2024,07:00,16.5,8.8,24.3,22.3,9.3,17.1,15.0,NA,10.4,NA,11.2,16.6,7.8,21.1,3.1,21.0,15.2,17.5,27.3,10.6,,,,
6/7/2024,07:00,3.3,8.4,11.8,9.9,8.6,12.3,15.0,NA,12.7,6.6,4.7,14.8,9.8,15.5,1.4,16.1,NA,13.6,25.9,14.8,,,,
7/7/2024,07:00,6.2,10.9,13.8,12.5,6.2,11.2,20.9,NA,17.0,8.1,10.6,10.5,6.1,16.8,3.1,9.0,10.3,10.1,20.5,11.0,,,,
8/7/2024,07:00,21.5,14.8,7.5,9.0,6.6,21.5,15.0,NA,20.7,5.0,6.4,7.3,NA,4.0,5.5,11.2,5.9,8.5,19.0,12.0,,,,
9/7/2024,07:00,9.8,16.4,11.8,9.5,10.2,14.3,10.9,NA,14.0,36.1,8.6,11.1,9.6,10.4,4.2,14.0,14.4,15.4,18.8,9.6,,,,
10/7/2024,07:00,5.4,18.7,7.4,9.9,9.5,11.5,17.8,NA,12.9,21.1,10.3,9.5,4.8,8.8,6.9,18.0,11.1,11.0,22.4,15.7,,,,
11/7/2024,07:00,4.9,9.3,NA,9.9,7.6,12.5,11.9,NA,8.9,8.7,9.5,11.4,7.6,7.1,2.6,30.8,16.1,23.0,24.5,13.8,,,,
12/7/2024,07:00,4.5,14.4,13.6,8.7,7.3,13.9,27.8,NA,7.9,8.1,3.3,10.1,12.1,5.6,3.9,18.8,15.1,15.6,20.1,10.0,,,,
13/7/2024,07:00,8.9,14.1,9.3,10.1,5.1,10.7,16.0,NA,10.3,13.7,8.1,8.9,10.8,16.2,2.8,15.9,11.9,20.1,27.6,28.2,,,,
14/7/2024,07:00,7.7,10.6,9.4,NA,7.0,11.6,10.9,NA,13.8,10.7,10.6,10.3,9.4,8.7,1.0,21.6,11.8,14.3,20.8,13.0,,,,
15/7/2024,07:00,29.4,9.0,7.6,NA,13.1,16.7,15.9,NA,6.3,12.4,13.1,14.5,11.8,7.5,4.1,23.9,15.3,15.7,35.7,18.0,,,,
16/7/2024,07:00,15.9,7.9,6.9,16.5,6.3,16.4,13.1,NA,6.3,16.9,9.0,12.3,9.9,12.7,7.9,20.1,18.9,19.6,31.7,18.8,,,,
17/7/2024,07:00,8.6,9.4,6.9,16.6,3.0,14.3,17.9,NA,5.9,8.0,3.9,10.4,12.6,8.0,4.0,12.9,15.2,16.7,NA,7.1,,,,
18/7/2024,07:00,7.0,6.3,15.2,15.9,4.1,11.6,17.9,NA,6.0,5.0,4.9,6.7,8.8,11.8,5.0,12.9,5.8,8.0,14.7,12.8,,,,
19/7/2024,07:00,9.5,5.8,5.5,NA,4.4,10.3,15.0,NA,5.9,8.8,5.4,9.7,9.3,NA,4.0,15.9,8.6,2.3,15.9,13.1,,,,
20/7/2024,07:00,10.2,7.8,8.3,NA,5.4,10.2,11.9,NA,7.0,11.3,5.5,11.9,13.3,7.8,3.6,12.2,5.5,8.7,17.0,11.2,,,,
21/7/2024,07:00,10.0,13.9,9.4,16.6,6.9,10.7,10.4,NA,11.0,14.0,7.4,12.3,14.0,10.2,5.1,15.2,7.5,8.5,18.2,11.6,,,,
22/7/2024,07:00,11.9,11.8,11.4,14.1,8.8,10.1,12.4,NA,11.5,19.5,10.2,13.7,13.6,11.7,5.8,19.7,13.3,12.1,25.4,15.7,,,,
23/7/2024,07:00,12.5,12.7,13.7,13.8,16.2,13.9,17.7,NA,10.6,14.7,10.6,16.6,15.5,11.1,9.1,24.5,21.0,20.2,28.4,17.8,,,,
24/7/2024,07:00,15.3,11.2,12.1,11.2,18.1,14.8,11.7,NA,11.3,13.6,9.1,14.1,13.6,10.7,7.6,13.5,9.2,9.1,19.1,12.9,,,,
25/7/2024,07:00,12.1,NA,9.8,8.3,17.6,15.1,11.3,NA,8.0,13.6,5.9,11.6,13.2,9.4,4.9,13.8,7.8,7.4,18.1,11.4,,,,
26/7/2024,07:00,13.3,10.1,11.2,9.9,15.7,15.2,13.6,NA,9.9,12.1,6.9,13.3,12.7,10.3,5.9,14.8,13.4,11.3,20.9,12.6,,,,
27/7/2024,07:00,9.5,10.9,11.2,6.0,13.5,11.8,14.1,NA,8.1,10.8,9.8,16.1,9.9,13.1,3.9,12.0,10.0,19.3,16.1,9.3,,,,
28/7/2024,07:00,18.2,9.7,NA,11.3,11.9,11.2,8.0,NA,8.6,15.2,11.5,11.9,14.8,14.7,5.0,15.1,10.4,7.1,22.9,10.9,,,,
29/7/2024,07:00,8.5,15.5,11.1,6.4,14.5,13.4,8.9,NA,12.0,10.9,9.0,10.3,8.0,10.3,2.1,12.0,6.9,8.4,13.1,10.5,,,,
30/7/2024,07:00,10.3,6.0,8.4,5.1,12.8,9.7,8.9,NA,8.5,5.7,8.0,8.4,13.7,6.7,7.8,13.9,10.7,10.6,18.7,10.8,,,,
31/7/2024,07:00,10.6,14.6,13.0,7.4,6.6,9.5,12.0,NA,7.0,10.2,8.2,9.8,12.3,12.8,5.4,16.7,10.5,12.0,19.6,11.7,,,,
1/8/2024,07:00,11.4,11.0,9.5,8.3,11.7,9.0,14.7,NA,12.3,14.3,6.2,12.4,13.7,7.0,14.7,12.8,7.5,12.7,19.3,9.6,,,,
2/8/2024,07:00,13.5,15.1,11.0,10.6,11.5,11.0,13.6,NA,14.4,14.8,6.4,11.3,14.1,7.4,13.6,17.0,11.0,11.5,23.1,12.4,,,,
3/8/2024,07:00,11.7,14.5,11.0,10.5,12.7,9.7,17.8,NA,16.9,16.1,7.0,14.1,13.9,7.4,8.4,17.2,13.9,14.5,22.7,11.9,,,,
4/8/2024,07:00,10.8,10.0,9.8,9.2,11.6,19.4,18.5,NA,14.7,17.4,5.8,12.8,11.3,7.9,4.9,15.3,8.0,9.3,20.8,12.4,,,,
5/8/2024,07:00,9.4,8.2,9.1,10.5,12.1,11.2,14.0,NA,11.2,13.8,6.0,11.1,9.9,6.9,3.9,14.4,NA,7.9,21.0,12.8,,,,
6/8/2024,07:00,8.5,10.0,8.6,7.4,11.9,14.3,20.7,NA,10.7,13.7,5.7,9.9,11.5,6.4,6.8,15.1,9.4,7.6,19.9,11.5,,,,
7/8/2024,07:00,11.7,18.3,9.7,29.3,12.7,26.9,22.4,NA,11.9,14.4,5.0,7.9,11.0,5.5,7.6,19.7,9.8,13.5,22.9,17.5,,,,
8/8/2024,07:00,11.7,18.3,9.7,29.3,12.7,26.9,22.4,NA,11.9,14.4,5.0,7.9,11.0,5.5,7.6,19.7,9.8,13.5,22.9,17.5,,,,
9/8/2024,07:00,13.3,10.1,11.2,9.9,15.7,15.2,13.6,NA,9.9,12.1,6.9,13.3,12.7,10.3,5.9,14.8,13.4,11.3,20.9,12.6,,,,
10/8/2024,07:00,9.5,10.9,11.2,6.0,13.5,11.8,14.1,NA,8.1,10.8,9.8,16.1,9.9,13.1,3.9,12.0,10.0,19.3,16.1,9.3,,,,
11/8/2024,07:00,18.2,9.7,,11.3,11.9,11.2,8.0,NA,8.6,15.2,11.5,11.9,14.8,14.7,5.0,15.1,10.4,7.1,22.9,10.9,,,,
12/8/2024,07:00,16.6,20.5,22.1,NA,18.3,29.1,26.7,NA,9.9,17.8,11.2,16.5,16.3,13.4,16.5,25.7,20.2,17.9,17.9,24.1,,,,
13/8/2024,07:00,14.0,16.8,20.1,NA,16.4,32.7,15.7,NA,12.7,23.8,16.4,26.9,16.9,17.0,9.0,25.8,24.0,21.6,21.6,20.3,,,,
14/8/2024,07:00,10.4,16.1,12.8,NA,12.8,21.9,15.7,NA,12.5,17.8,14.6,19.3,14.9,13.9,10.0,19.4,13.6,13.8,13.8,18.4,,,,
15/8/2024,07:00,11.9,14.8,20.3,NA,17.3,21.3,18.1,NA,17.9,28.6,21.2,22.3,20.8,20.7,10.8,24.3,17.8,18.3,18.3,20.2,,,,
16/8/2024,07:00,13.3,20.7,15.1,NA,17.8,23.2,27.5,NA,8.2,25.9,16.9,16.7,16.3,16.2,10.6,NA,19.1,20.2,20.2,19.6,,,,
17/8/2024,07:00,13.0,16.4,15.6,NA,16.8,20.3,14.1,NA,10.1,18.5,11.9,9.4,14.5,14.2,7.6,21.8,15.9,18.2,18.2,17.9,,,,
18/8/2024,07:00,8.9,16.9,21.9,NA,17.5,31.1,12.4,NA,17.4,12.2,11.2,NA,14.1,10.1,4.7,19.5,16.0,14.3,14.3,21.8,,,,
19/8/2024,07:00,10.2,7.8,8.3,NA,5.4,10.2,11.9,NA,7.0,11.3,5.5,11.9,13.3,7.8,3.6,12.2,5.5,8.7,17.0,11.2,,,,
20/8/2024,07:00,10.0,13.9,9.4,16.6,6.9,10.7,10.4,NA,11.0,14.0,7.4,12.3,14.0,10.2,5.1,15.2,7.5,8.5,18.2,11.6,,,,
21/8/2024,07:00,11.9,11.8,11.4,14.1,8.8,10.1,12.4,NA,11.5,19.5,10.2,13.7,13.6,11.7,5.8,19.7,13.3,12.1,25.4,15.7,,,,
22/8/2024,07:00,12.5,12.7,13.7,13.8,16.2,13.9,17.7,NA,10.6,14.7,10.6,16.6,15.5,11.1,9.1,24.5,21.0,20.2,28.4,17.8,,,,
23/8/2024,07:00,15.3,11.2,12.1,11.2,18.1,14.8,11.7,NA,11.3,13.6,9.1,14.1,13.6,10.7,7.6,13.5,9.2,9.1,19.1,12.9,,,,
24/8/2024,07:00,12.1,NA,9.8,8.3,17.6,15.1,11.3,NA,8.0,13.6,5.9,11.6,13.2,9.4,4.9,13.8,7.8,7.4,18.1,11.4,,,,
25/8/2024,07:00,13.3,10.1,11.2,9.9,15.7,15.2,13.6,NA,9.9,12.1,6.9,13.3,12.7,10.3,5.9,14.8,13.4,11.3,20.9,12.6,,,,
26/8/2024,07:00,9.5,10.9,11.2,6.0,13.5,11.8,14.1,NA,8.1,10.8,9.8,16.1,9.9,13.1,3.9,12.0,10.0,19.3,16.1,9.3,,,,
27/8/2024,07:00,18.2,9.7,,11.3,11.9,11.2,8.0,NA,8.6,15.2,11.5,11.9,14.8,14.7,5.0,15.1,10.4,7.1,22.9,10.9,,,,
28/8/2024,07:00,8.5,15.5,11.1,6.4,14.5,13.4,8.9,NA,12.0,10.9,9.0,10.3,8.0,10.3,2.1,12.0,6.9,8.4,13.1,10.5,,,,
29/8/2024,07:00,10.3,6.0,8.4,5.1,12.8,9.7,8.9,NA,8.5,5.7,8.0,8.4,13.7,6.7,7.8,13.9,10.7,10.6,18.7,10.8,,,,
30/8/2024,07:00,10.6,14.6,13.0,7.4,6.6,9.5,12.0,NA,7.0,10.2,8.2,9.8,12.3,12.8,5.4,16.7,10.5,12.0,19.6,11.7,,,,
31/8/2024,07:00,8.5,10.0,8.6,7.4,11.9,14.3,20.7,NA,10.7,13.7,5.7,9.9,11.5,6.4,6.8,15.1,9.4,7.6,19.9,11.5,,,,
1/9/2024,07:00,13.3,10.1,11.2,9.9,15.7,15.2,13.6,NA,9.9,12.1,6.9,13.3,12.7,10.3,5.9,14.8,13.4,11.3,20.9,12.6,,,,
2/9/2024,07:00,9.5,10.9,11.2,6.0,13.5,11.8,14.1,NA,8.1,10.8,9.8,16.1,9.9,13.1,3.9,12.0,10.0,19.3,16.1,9.3,,,,
3/9/2024,07:00,18.2,9.7,,11.3,11.9,11.2,8.0,NA,8.6,15.2,11.5,11.9,14.8,14.7,5.0,15.1,10.4,7.1,22.9,10.9,,,,
4/9/2024,07:00,8.5,15.5,11.1,6.4,14.5,13.4,8.9,NA,12.0,10.9,9.0,10.3,8.0,10.3,2.1,12.0,6.9,8.4,13.1,10.5,,,,
5/9/2024,07:00,10.3,6.0,8.4,5.1,12.8,9.7,8.9,NA,8.5,5.7,8.0,8.4,13.7,6.7,7.8,13.9,10.7,10.6,18.7,10.8,,,,
6/9/2024,07:00,10.6,14.6,13.0,7.4,6.6,9.5,12.0,NA,7.0,10.2,8.2,9.8,12.3,12.8,5.4,16.7,10.5,12.0,19.6,11.7,,,,
7/9/2024,07:00,15.3,11.2,12.1,11.2,18.1,14.8,11.7,NA,11.3,13.6,9.1,14.1,13.6,10.7,7.6,13.5,9.2,9.1,19.1,12.9,,,,
8/9/2024,07:00,12.1,NA,9.8,8.3,17.6,15.1,11.3,NA,8.0,13.6,5.9,11.6,13.2,9.4,4.9,13.8,7.8,7.4,18.1,11.4,,,,
9/9/2024,07:00,13.3,10.1,11.2,9.9,15.7,15.2,13.6,NA,9.9,12.1,6.9,13.3,12.7,10.3,5.9,14.8,13.4,11.3,20.9,12.6,,,,
10/9/2024,07:00,9.5,10.9,11.2,6.0,13.5,11.8,14.1,NA,8.1,10.8,9.8,16.1,9.9,13.1,3.9,12.0,10.0,19.3,16.1,9.3,,,,
11/9/2024,07:00,18.2,9.7,,11.3,11.9,11.2,8.0,NA,8.6,15.2,11.5,11.9,14.8,14.7,5.0,15.1,10.4,7.1,22.9,10.9,,,,
12/9/2024,07:00,8.5,15.5,11.1,6.4,14.5,13.4,8.9,NA,12.0,10.9,9.0,10.3,8.0,10.3,2.1,12.0,6.9,8.4,13.1,10.5,,,,
13/9/2024,07:00,8.6,9.4,6.9,16.6,3.0,14.3,17.9,NA,5.9,8.0,3.9,10.4,12.6,8.0,4.0,12.9,15.2,16.7,,7.1,,,,
14/9/2024,07:00,7.0,6.3,15.2,15.9,4.1,11.6,17.9,NA,6.0,5.0,4.9,6.7,8.8,11.8,5.0,12.9,5.8,8.0,14.7,12.8,,,,
15/9/2024,07:00,9.5,5.8,5.5,15.1,4.4,10.3,15.0,NA,5.9,8.8,5.4,9.7,9.3,,4.0,15.9,8.6,2.3,15.9,13.1,,,,
16/9/2024,07:00,10.2,7.8,8.3,NA,5.4,10.2,11.9,NA,7.0,11.3,5.5,11.9,13.3,7.8,3.6,12.2,5.5,8.7,17.0,11.2,,,,
17/9/2024,07:00,10.0,13.9,9.4,16.6,6.9,10.7,10.4,NA,11.0,14.0,7.4,12.3,14.0,10.2,5.1,15.2,7.5,8.5,18.2,11.6,,,,
18/9/2024,07:00,11.4,11.0,9.5,8.3,11.7,9.0,14.7,NA,12.3,14.3,6.2,12.4,13.7,7.0,14.7,12.8,7.5,12.7,19.3,9.6,,,,
19/9/2024,07:00,13.5,15.1,11.0,10.6,11.5,11.0,13.6,NA,14.4,14.8,6.4,11.3,14.1,7.4,13.6,17.0,11.0,11.5,23.1,12.4,,,,
20/9/2024,07:00,11.7,14.5,11.0,10.5,12.7,9.7,17.8,NA,16.9,16.1,7.0,14.1,13.9,7.4,8.4,17.2,13.9,14.5,22.7,11.9,,,,
21/9/2024,07:00,10.8,10.0,9.8,9.2,11.6,19.4,18.5,NA,14.7,17.4,5.8,12.8,11.3,7.9,4.9,15.3,8.0,9.3,20.8,12.4,,,,
22/9/2024,07:00,9.4,8.2,9.1,10.5,12.1,11.2,14.0,NA,11.2,13.8,6.0,11.1,9.9,6.9,3.9,14.4,NA,7.9,21.0,12.8,,,,
23/9/2024,07:00,8.5,10.0,8.6,7.4,11.9,14.3,20.7,NA,10.7,13.7,5.7,9.9,11.5,6.4,6.8,15.1,9.4,7.6,19.9,11.5,,,,
24/9/2024,07:00,27.7,37.5,24.6,25.6,30.9,21.9,34.6,NA,18.6,26.3,27.4,23.9,22.0,21.9,18.2,33.0,29.9,33.2,44.9,29.1,,,,
25/9/2024,07:00,18.1,25.4,13.0,12.3,19.3,13.3,32.3,NA,14.5,11.4,10.4,12.9,9.7,13.3,18.0,20.2,19.4,18.8,33.1,20.8,,,,
26/9/2024,07:00,11.8,15.9,8.6,10.8,16.8,10.6,14.9,NA,16.1,9.8,7.9,12.3,8.7,10.6,12.8,14.5,11.8,8.6,26.0,17.4,,,,
27/9/2024,07:00,8.5,10.8,11.0,14.4,14.4,11.3,14.0,NA,13.3,10.1,8.5,10.3,10.2,11.3,8.3,21.1,13.7,14.0,32.3,18.2,,,,
28/9/2024,07:00,13.5,19.5,14.0,14.7,17.5,15.4,19.5,NA,15.5,11.3,10.2,12.6,7.3,15.4,7.6,19.9,15.9,13.8,30.9,19.4,,,,
29/9/2024,07:00,12.2,15.8,19.9,19.7,24.4,18.3,21.1,NA,15.6,20.9,16.2,16.5,15.9,18.3,10.4,25.0,16.6,19.8,40.2,21.2,,,,
30/9/2024,07:00,22.2,32.3,20.6,21.2,29.7,19.5,23.1,NA,16.1,26.4,23.4,21.0,17.8,19.5,12.0,25.4,22.6,21.0,39.8,31.2,,,,
1/10/2024,07:00,27.7,37.5,24.6,25.6,30.9,21.9,34.6,NA,18.6,26.3,27.4,23.9,22.0,21.9,18.2,33.0,29.9,33.2,44.9,29.1,,,,
2/10/2024,07:00,18.1,25.4,13.0,12.3,19.3,13.3,32.3,NA,14.5,11.4,10.4,12.9,9.7,13.3,18.0,20.2,19.4,18.8,33.1,20.8,,,,
3/10/2024,07:00,11.8,15.9,8.6,10.8,16.8,10.6,14.9,NA,16.1,9.8,7.9,12.3,8.7,10.6,12.8,14.5,11.8,8.6,26.0,17.4,,,,
4/10/2024,07:00,8.5,10.8,11.0,14.4,14.4,11.3,14.0,NA,13.3,10.1,8.5,10.3,10.2,11.3,8.3,21.1,13.7,14.0,32.3,18.2,,,,
5/10/2024,07:00,5.2,18.3,8.6,NA,5.5,22.9,15.1,NA,5.5,24.0,8.2,19.6,9.8,15.5,10.9,17.1,17.3,16.2,32.3,19.1,,,,
6/10/2024,07:00,4.1,28.0,13.0,NA,7.1,54.7,28.2,NA,7.1,4.0,13.1,21.4,6.5,12.7,19.0,33.0,NA,22.5,43.7,26.1,,,,
7/10/2024,07:00,9.1,30.6,17.1,NA,7.6,19.7,36.7,NA,6.5,36.8,23.0,27.7,12.9,27.1,29.0,32.9,19.0,16.8,43.8,28.8,,,,
8/10/2024,07:00,14.9,38.4,20.5,NA,5.0,23.4,24.9,NA,5.0,28.3,24.4,28.8,29.0,26.7,13.0,35.0,40.9,32.2,44.1,32.5,,,,
9/10/2024,07:00,3.6,10.4,9.1,NA,10.5,13.9,10.0,NA,10.5,24.6,9.9,15.7,8.2,11.0,NA,9.0,9.6,8.6,22.6,16.4,,,,
10/10/2024,07:00,3.0,10.3,14.8,NA,9.0,12.1,17.0,NA,9.0,11.7,8.4,13.1,14.6,18.1,5.0,20.9,12.2,24.9,26.6,18.9,,,,
11/10/2024,07:00,11.5,16.4,7.8,23.2,7.0,17.3,16.9,NA,7.0,12.3,19.2,10.7,24.2,14.7,8.0,18.1,15.3,14.7,32.6,22.3,,,,
12/10/2024,07:00,16.6,28.4,25.0,33.2,10.0,38.0,28.2,NA,10.0,33.7,18.5,27.7,32.1,24.7,16.0,30.1,23.6,19.2,46.9,34.3,,,,
13/10/2024,07:00,9.8,16.3,12.5,24.9,8.0,50.7,13.0,NA,8.0,28.7,19.7,24.7,20.3,23.4,8.0,19.2,10.7,12.1,34.1,25.9,,,,
14/10/2024,07:00,13.5,19.8,20.0,19.0,12.4,56.2,22.8,NA,12.4,17.0,27.3,25.4,25.0,27.9,14.9,18.0,10.7,12.9,30.4,22.2,,,,
15/10/2024,07:00,8.1,22.5,11.1,34.0,8.6,28.0,17.2,NA,8.6,58.0,14.1,32.6,37.7,34.0,8.0,27.9,18.7,23.8,26.9,19.6,,,,
16/10/2024,07:00,12.9,24.5,13.1,16.4,17.8,30.5,37.0,NA,17.8,32.3,20.9,10.0,24.5,16.7,10.0,NA,18.3,29.3,54.0,23.2,,,,
17/10/2024,07:00,7.5,17.9,18.2,26.2,8.7,42.1,13.2,NA,8.7,20.7,20.3,NA,27.0,20.5,10.0,21.1,21.6,21.7,39.0,17.0,,,,
18/10/2024,07:00,3.7,23.3,10.6,28.4,8.1,NA,12.8,NA,8.1,6.7,7.1,NA,11.2,8.8,5.0,19.9,NA,14.6,21.4,19.4,,,,
19/10/2024,07:00,5.6,16.6,18.4,18.3,15.7,13.3,14.1,NA,7.6,15.0,10.6,NA,13.6,10.2,5.4,19.0,NA,13.4,28.8,19.0,,,,
20/10/2024,07:00,3.7,10.1,11.0,15.1,12.3,19.4,11.2,NA,11.0,11.5,4.7,10.1,10.9,6.3,4.9,14.9,NA,9.9,24.2,15.2,,,,
21/10/2024,07:00,NA,NA,9.0,10.7,10.2,20.7,7.1,NA,8.3,7.3,5.4,7.4,11.4,6.4,3.5,10.3,NA,5.2,19.7,13.3,,,,
22/10/2024,07:00,10.4,NA,12.2,14.2,10.6,21.1,10.9,NA,16.9,12.0,11.3,10.0,13.1,7.4,6.8,20.3,17.1,13.7,29.4,20.2,,,,
23/10/2024,07:00,15.3,15.6,18.2,20.9,11.8,25.2,11.8,NA,16.2,20.3,12.6,16.3,12.5,14.6,NA,21.5,18.6,16.2,33.6,23.1,,,,
24/10/2024,07:00,14.8,11.6,14.5,20.9,9.8,20.3,11.8,NA,16.4,22.3,16.6,20.1,17.9,17.8,11.0,21.9,17.5,14.3,32.5,18.3,,,,
25/10/2024,07:00,17.1,23.0,23.7,24.5,17.6,23.9,19.3,NA,18.0,24.0,22.0,24.4,20.9,21.9,12.1,36.6,31.6,29.4,47.3,28.8,,,,
26/10/2024,07:00,27.7,37.5,25.6,30.9,24.6,21.9,34.6,NA,18.6,26.3,27.4,23.9,21.9,22.0,18.2,33.0,29.9,33.2,44.9,29.1,,,,
27/10/2024,07:00,18.1,25.4,12.3,19.3,13.0,13.3,32.3,NA,14.5,11.4,10.4,12.9,13.3,9.7,18.0,20.2,19.4,18.8,33.1,20.8,,,,
28/10/2024,07:00,11.8,15.9,10.8,16.8,8.6,10.6,14.9,NA,16.1,9.8,7.9,12.3,10.6,8.7,12.8,14.5,11.8,8.6,26.0,17.4,,,,
29/10/2024,07:00,8.5,10.8,14.4,14.4,11.0,11.3,14.0,NA,13.3,10.1,8.5,10.3,11.3,10.2,8.3,21.1,13.7,14.0,32.3,18.2,,,,
30/10/2024,07:00,13.5,19.5,14.7,17.5,14.0,15.4,19.5,NA,15.5,11.3,10.2,12.6,15.4,7.3,7.6,19.9,15.9,13.8,30.9,19.4,,,,
31/10/2024,07:00,12.2,15.8,19.7,24.4,19.9,18.3,21.1,NA,15.6,20.9,16.2,16.5,18.3,15.9,10.4,25.0,16.6,19.8,40.2,21.2,,,,
1/11/2024,07:00,22.2,32.3,21.2,29.7,20.6,19.5,23.1,NA,16.1,26.4,23.4,21.0,19.5,17.8,12.0,25.4,22.6,21.0,39.8,31.2,,,,
2/11/2024,07:00,21.4,25.0,22.7,26.0,21.4,27.3,21.5,NA,13.3,28.9,22.3,19.6,17.9,18.4,14.6,28.7,26.8,24.4,47.4,28.2,,,,
3/11/2024,07:00,21.6,22.7,22.5,24.1,21.6,25.6,28.7,NA,11.3,23.0,20.6,26.3,19.8,19.4,19.2,29.6,NA,22.4,43.9,27.1,,,,
4/11/2024,07:00,24.2,28.9,23.2,24.8,23.7,25.4,27.5,NA,8.3,23.6,24.3,26.4,19.9,21.0,21.2,29.4,25.6,22.1,38.5,26.5,,,,
5/11/2024,07:00,18.0,22.6,17.0,20.9,16.9,20.4,18.9,NA,15.6,19.4,14.8,19.2,15.7,13.8,9.8,23.6,21.0,21.1,31.4,22.2,,,,
6/11/2024,07:00,8.3,12.5,11.0,9.7,11.1,10.6,13.4,NA,14.8,9.1,8.8,12.4,11.6,8.8,5.3,17.5,12.2,12.0,24.5,17.4,,,,
7/11/2024,07:00,7.6,16.4,14.7,14.7,11.8,12.7,18.8,NA,8.8,13.9,10.0,12.7,11.8,9.8,10.9,21.8,15.3,14.3,30.0,20.9,,,,
8/11/2024,07:00,9.8,20.6,14.5,17.4,17.1,14.4,19.6,NA,8.2,9.4,10.9,17.8,12.2,10.9,13.7,21.7,16.1,18.3,30.8,21.6,,,,
9/11/2024,07:00,12.7,22.0,16.1,18.8,21.9,16.8,24.6,NA,9.8,21.0,15.7,18.6,17.2,15.0,13.8,23.2,20.7,16.3,32.8,23.2,,,,
10/11/2024,07:00,16.3,22.8,19.4,21.2,18.6,19.2,30.1,NA,9.1,16.9,17.3,19.8,21.0,16.5,19.1,38.6,28.6,32.0,43.8,27.6,,,,
11/11/2024,07:00,23.0,31.0,26.9,27.4,23.5,24.5,34.6,NA,13.8,32.3,30.0,28.7,27.1,27.7,25.8,40.1,37.2,34.0,44.8,31.7,,,,
12/11/2024,07:00,21.6,25.5,19.7,25.1,22.3,30.2,22.5,NA,13.9,29.7,27.9,26.7,25.9,26.8,20.7,33.2,29.2,28.1,39.7,23.5,,,,
13/11/2024,07:00,21.4,40.2,29.8,29.5,23.6,23.5,27.6,NA,10.3,31.1,25.7,25.5,26.7,22.3,18.4,42.4,34.0,36.3,49.9,34.5,,,,
14/11/2024,07:00,18.1,31.3,30.7,29.5,24.5,26.3,24.2,NA,20.1,40.5,36.2,32.8,31.7,30.5,15.3,39.2,35.8,32.1,50.9,32.8,,,,
15/11/2024,07:00,13.5,20.1,23.6,22.6,17.4,29.0,14.0,NA,17.3,30.6,17.4,25.4,NA,14.3,7.5,33.4,24.5,27.2,41.2,25.7,,,,
16/11/2024,07:00,17.0,21.6,18.6,21.2,20.4,27.9,22.3,NA,10.6,24.3,16.2,17.1,NA,12.9,14.6,27.5,16.1,20.5,34.2,22.3,,,,
17/11/2024,07:00,21.1,24.2,16.9,22.4,15.6,23.2,30.0,NA,18.8,24.2,18.0,18.3,NA,15.6,21.8,26.2,13.1,19.7,30.3,19.8,,,,
18/11/2024,07:00,20.2,22.8,15.6,19.1,15.0,26.4,24.6,NA,22.4,15.8,14.8,18.5,NA,14.9,7.5,25.7,17.3,19.1,31.6,21.1,,,,
19/11/2024,07:00,18.9,26.1,14.3,20.0,18.4,23.3,21.3,NA,10.1,14.9,16.2,18.4,NA,14.9,12.1,25.1,20.9,20.7,33.2,NA,,,,
20/11/2024,07:00,14.0,21.7,13.1,16.5,16.6,21.7,15.8,NA,11.6,18.4,15.4,16.4,NA,14.4,10.0,17.3,15.8,12.6,26.7,21.3,,,,
21/11/2024,07:00,13.2,21.7,12.9,16.6,16.1,18.6,19.8,NA,9.4,14.1,15.2,16.0,18.2,10.7,11.6,20.4,12.7,12.7,27.3,20.9,,,,
22/11/2024,07:00,9.0,19.8,11.5,14.7,13.2,17.6,17.4,NA,8.3,10.3,11.0,13.4,10.8,10.6,6.5,20.2,15.6,15.3,27.6,20.2,,,,
23/11/2024,07:00,9.2,19.4,11.6,13.7,15.1,17.9,15.2,NA,10.0,9.8,NA,11.4,11.8,8.9,9.1,20.4,15.2,14.6,25.5,18.1,,,,
24/11/2024,07:00,9.8,17.8,12.2,13.3,12.8,18.8,13.1,NA,7.1,12.6,NA,13.9,12.9,9.6,6.2,18.9,14.3,12.8,26.2,16.2,,,,
25/11/2024,07:00,8.8,19.7,11.8,14.1,13.5,17.2,14.3,NA,10.0,10.8,NA,13.7,9.1,9.8,7.0,18.9,13.3,13.0,26.9,20.0,,,,
26/11/2024,07:00,10.1,17.0,10.7,13.1,12.7,23.7,16.0,NA,11.0,11.5,NA,13.0,11.8,11.1,6.9,20.3,14.6,11.9,27.2,20.2,,,,
27/11/2024,07:00,12.2,18.7,12.2,14.3,14.2,23.0,15.7,NA,12.3,14.3,15.0,15.5,11.7,13.3,7.0,20.8,16.8,15.5,28.9,22.3,,,,
28/11/2024,07:00,12.0,18.1,12.8,14.7,15.2,19.3,16.2,NA,11.1,12.1,12.9,15.1,11.0,11.0,9.2,18.7,12.9,14.1,25.3,17.1,,,,
29/11/2024,07:00,10.7,13.6,12.6,14.5,15.0,19.1,15.9,NA,7.2,8.5,9.3,11.0,7.5,11.0,11.3,17.3,12.8,13.6,26.4,18.0,,,,
30/11/2024,07:00,14.9,21.0,18.7,21.3,20.4,21.9,22.0,NA,7.9,13.4,14.8,16.4,14.1,16.0,18.4,29.7,25.2,23.6,35.0,22.6,,,,
1/12/2024,07:00,18.5,28.4,28.9,26.5,21.9,24.6,32.1,NA,9.1,20.2,22.9,22.8,22.3,24.1,22.5,35.4,NA,28.1,42.1,31.5,,,,
2/12/2024,07:00,21.7,38.5,27.4,29.8,22.1,29.6,34.9,NA,9.1,32.2,32.4,29.3,30.9,34.2,28.8,46.7,38.3,35.7,53.1,38.5,,,,
3/12/2024,07:00,21.9,34.5,34.2,32.6,21.2,28.4,30.9,NA,22.8,37.7,38.3,34.4,35.5,31.9,23.4,50.9,44.4,43.7,58.9,39.0,,,,
4/12/2024,07:00,20.7,34.5,28.9,33.4,20.3,28.0,30.7,NA,30.2,33.1,30.9,33.4,32.9,28.9,19.4,48.1,41.4,39.7,55.3,NA,,,,
5/12/2024,07:00,16.5,24.4,18.2,19.7,17.5,23.6,24.0,NA,26.0,24.7,19.7,24.8,18.6,17.7,18.9,32.9,34.5,26.1,39.5,NA,,,,
6/12/2024,07:00,16.5,21.6,18.0,17.8,18.3,25.3,24.5,NA,34.8,20.5,21.1,22.5,19.2,19.2,16.7,29.3,23.1,22.0,35.7,29.3,,,,
7/12/2024,07:00,18.9,25.7,18.6,23.5,21.2,21.5,25.6,NA,42.5,27.7,23.8,24.7,26.2,22.6,22.8,35.8,31.3,29.6,42.3,33.3,,,,
8/12/2024,07:00,14.4,25.8,23.5,26.0,21.6,19.5,22.7,NA,43.3,26.6,26.4,24.1,24.8,20.5,14.6,31.5,NA,29.3,37.7,28.3,,,,
9/12/2024,07:00,13.1,16.3,15.2,18.3,15.0,18.3,17.2,NA,30.0,19.4,15.4,21.1,13.0,15.4,9.4,21.5,16.0,15.1,27.6,22.0,,,,
10/12/2024,07:00,13.6,22.8,20.0,21.7,18.7,22.6,22.6,NA,38.9,28.2,22.5,19.0,19.8,19.5,13.1,31.2,25.1,21.9,35.9,25.3,,,,
11/12/2024,07:00,16.4,38.1,42.4,31.1,20.2,24.4,32.1,NA,32.6,39.2,30.9,29.4,28.3,32.9,16.1,36.0,31.7,28.4,48.8,39.0,,,,
12/12/2024,07:00,19.2,27.4,26.5,26.1,18.6,25.0,23.7,NA,30.4,38.8,26.3,28.0,23.2,21.7,8.7,36.6,36.4,35.3,50.3,35.2,,,,
13/12/2024,07:00,12.6,16.8,13.8,16.0,9.6,20.6,20.6,NA,18.4,20.6,12.4,17.2,12.5,11.4,5.0,19.2,14.2,16.4,47.9,18.2,,,,
14/12/2024,07:00,9.8,15.0,13.6,16.0,10.8,20.1,18.3,NA,16.8,17.9,7.8,11.8,8.8,8.7,6.5,24.0,20.2,17.2,NA,23.3,,,,
15/12/2024,07:00,9.1,15.1,11.2,13.7,13.1,16.1,13.6,NA,13.1,17.4,6.7,10.8,5.3,7.9,5.5,22.5,21.0,14.8,29.0,18.8,,,,
16/12/2024,07:00,8.0,12.8,11.5,11.9,13.2,16.1,16.4,NA,15.0,16.6,5.7,9.6,6.7,9.3,7.7,17.5,13.2,12.7,25.7,18.2,,,,
17/12/2024,07:00,14.9,17.3,18.2,20.9,17.5,20.9,24.0,NA,22.3,21.4,14.0,13.8,14.2,13.9,15.1,25.4,21.4,21.9,33.7,22.6,,,,
18/12/2024,07:00,19.4,27.7,22.2,NA,22.2,27.4,28.0,NA,27.1,33.4,20.3,25.2,22.7,21.8,20.5,40.9,37.7,37.4,49.3,32.5,,,,
19/12/2024,07:00,16.9,25.7,20.2,25.0,20.6,24.3,22.8,NA,29.1,31.4,17.3,24.8,18.0,18.4,19.4,29.0,24.5,24.0,37.6,26.6,,,,
20/12/2024,07:00,23.5,26.3,22.1,26.2,23.3,27.3,32.2,NA,27.5,25.9,16.3,23.0,16.0,22.5,22.1,30.0,25.0,23..6,39.0,26.8,,,,
21/12/2024,07:00,23.0,27.9,23.3,27.1,17.9,29.2,31.9,NA,31.0,29.9,22.1,23.6,20.4,25.8,31.6,38.7,35.8,33.1,47.0,29.4,,,,
22/12/2024,07:00,18.2,33.2,22.8,25.5,18.7,28.3,28.1,NA,29.0,42.0,27.3,30.5,25.2,26.3,18.0,34.7,31.1,31.4,42.9,29.0,,,,
23/12/2024,07:00,20.7,30.2,23.1,28.4,19.7,25.9,33.3,NA,29.9,30.7,21.2,23.4,19.2,22.1,24.5,31.8,25.9,25.4,41.0,32.9,,,,
24/12/2024,07:00,23.9,36.9,30.1,32.0,22.5,31.7,33.0,NA,36.1,32.1,27.1,31.8,32.0,35.8,25.5,44.1,29.7,38.9,52.3,35.2,,,,
25/12/2024,07:00,22.4,26.1,22.7,25.6,24.3,28.7,26.6,NA,28.0,27.2,21.1,25.4,20.2,21.5,17.6,39.1,34.1,33.3,44.3,28.2,,,,
26/12/2024,07:00,24.6,28.8,29.7,31.5,22.5,30.7,30.3,NA,34.9,35.7,26.9,29.0,22.5,25.9,24.4,41.3,38.9,39.2,50.8,34.0,,,,
27/12/2024,07:00,22.6,35.5,31.3,30.4,22.1,28.7,33.0,NA,18.3,37.2,23.2,33.5,29.3,25.9,19.1,45.6,44.5,41.2,54.7,41.8,,,,
28/12/2024,07:00,16.2,20.8,28.6,24.2,20.7,25.2,18.8,NA,9.6,32.2,NA,25.9,23.5,19.4,12.9,33.4,31.2,27.6,40.9,30.7,,,,
29/12/2024,07:00,13.7,23.3,16.6,16.3,14.3,22.9,15.4,NA,8.8,20.8,NA,14.5,9.2,12.9,8.3,21.2,16.3,17.0,28.4,21.3,,,,
30/12/2024,07:00,19.4,22.5,15.1,20.3,20.6,24.2,30.7,NA,9.4,28.0,NA,20.5,17.5,20.6,24.6,26.8,23.1,21.0,35.2,26.5,,,,
31/12/2024,07:00,21.7,26.3,18.8,23.2,22.5,28.3,28.6,NA,9.9,36.9,NA,24.4,24.0,24.4,22.0,35.0,31.1,26.4,41.5,31.3,,,,
1/1/2025,07:00,24.9,28.6,21.0,24.6,19.8,29.1,29.0,NA,14.1,37.2,NA,26.3,23.0,30.1,23.0,36.2,36.2,35.6,55.9,41.0,,,,
2/1/2025,07:00,23.6,31.4,22.5,30.6,25.4,32.2,30.6,NA,13.1,38.7,27.7,30.3,25.1,29.7,38.3,40.0,31.0,31.3,48.6,34.0,,,,
3/1/2025,07:00,27.6,36.2,27.2,31.7,21.5,34.7,20.1,NA,12.3,44.8,33.5,32.8,30.2,34.8,26.7,43.5,40.3,35.3,51.6,42.3,,,,
4/1/2025,07:00,24.8,33.2,21.7,26.6,25.8,33.9,20.8,NA,12.4,31.3,27.6,26.6,23.0,25.1,20.7,34.9,29.3,30.3,42.2,31.5,,,,
5/1/2025,07:00,29.1,29.3,25.6,27.4,23.1,34.5,36.5,NA,12.7,35.0,27.1,26.2,25.2,26.8,27.0,38.4,34.4,33.6,44.8,32.2,,,,
6/1/2025,07:00,37.2,32.8,31.5,35.3,23.9,36.9,37.4,NA,17.8,31.2,25.5,32.1,29.1,28.4,26.3,42.2,34.9,35.8,47.5,35.4,,,,
7/1/2025,07:00,27.8,47.5,35.8,44.3,20.9,34.5,46.3,NA,43.3,44.8,31.9,31.3,35.9,NA,56.6,49.9,49.8,45.8,58.6,42.9,,,,
8/1/2025,07:00,35.1,56.2,47.7,49.9,21.2,35.4,51.1,NA,62.7,53.4,43.1,41.1,44.7,NA,62.6,60.4,52.4,50.2,70.9,48.6,,,,
9/1/2025,07:00,40.2,56.1,53.9,61.8,20.1,43.5,47.7,NA,78.0,NA,49.5,52.6,52.3,42.5,54.6,68.9,60.0,62.9,75.8,55.3,,,,
10/1/2025,07:00,28.3,34.9,33.6,41.5,36.4,34.8,29.8,NA,65.6,61.8,53.0,50.6,49.6,41.6,21.6,39.6,40.4,35.3,49.5,45.5,,,,
11/1/2025,07:00,19.0,18.0,21.1,25.3,19.5,35.0,27.7,NA,31.3,32.7,NA,18.4,15.8,NA,15.7,23.5,20.3,19.7,33.5,28.8,,,,
12/1/2025,07:00,22.1,26.4,20.5,22.1,23.2,30.9,31.4,NA,30.9,NA,NA,15.8,15.9,NA,17.1,23.5,21.2,20.1,33.4,26.5,,,,
13/1/2025,07:00,32.1,33.3,36.0,43.7,42.3,36.8,37.3,NA,42.7,31.8,22.4,29.5,28.7,NA,28.9,44.3,39.8,35.3,53.1,37.8,,,,
14/1/2025,07:00,33.0,35.5,32.0,41.1,40.1,37.9,39.8,NA,60.2,50.1,34.1,39.9,38.1,38.8,31.3,49.3,46.4,39.9,60.2,42.2,,,,
15/1/2025,07:00,33.3,48.8,49.8,50.9,54.8,41.2,53.1,NA,67.3,48.9,42.6,49.1,43.4,49.6,41.0,58.1,52.6,49.9,66.3,49.2,,,,
16/1/2025,07:00,26.4,32.7,28.8,34.2,29.1,33.6,23.5,NA,44.0,30.5,22.5,27.3,19.5,21.0,22.6,42.1,37.2,41.9,50.5,37.9,,,,
17/1/2025,07:00,26.0,17.2,16.9,20.7,18.5,24.5,18.7,16.0,24.8,20.9,9.8,14.2,12.2,13.0,12.9,24.5,18.5,19.0,33.1,23.2,,,,
18/1/2025,07:00,32.6,32.2,39.7,38.0,40.6,36.2,49.8,33.4,55.0,37.9,37.7,41.4,45.3,34.7,123.1,52.2,47.3,49.8,77.9,59.4,,,,
19/1/2025,07:00,31.3,75.6,33.3,35.0,42.6,43.6,88.5,41.4,68.2,60.3,56.4,45.5,45.0,60.1,77.4,77.9,60.0,56.1,94.8,65.5,,,,
20/1/2025,07:00,44.7,79.5,31.4,39.6,60.0,44.3,38.5,63.9,103.4,62.0,72.9,57.0,58.6,77.2,64.9,83.8,74.3,67.4,76.5,64.5,,,,
21/1/2025,07:00,39.5,55.5,40.8,51.4,47.9,45.3,35.7,47.7,67.2,53.1,54.0,66.2,50.1,49.1,77.9,59.5,49.2,54.1,68.4,46.9,,,,
22/1/2025,07:00,40.6,62.6,54.3,59.3,66.9,50.5,45.0,59.5,85.1,76.7,53.5,84.8,54.8,45.7,64.9,67.5,53.3,58.1,72.1,47.2,,,,
23/1/2025,07:00,54.8,74.1,60.7,68.1,58.4,59.3,73.1,84.2,83.4,83.5,57.7,109.1,58.8,53.8,74.2,82.0,54.9,62.9,81.8,50.3,,,,
24/1/2025,07:00,55.8,98.7,68.0,75.8,78.4,63.4,85.3,105.3,91.1,70.9,66.2,83.3,65.5,55.5,71.8,98.3,61.7,70.0,90.7,107.4,,,,
25/1/2025,07:00,55.7,91.4,68.9,75.6,70.9,57.1,96.1,92.4,90.5,89.5,76.2,77.3,66.9,61.5,84.5,81.8,52.4,58.2,81.3,80.8,,,,
26/1/2025,07:00,51.6,73.5,39.6,52.9,59.1,61.9,78.2,113.7,75.0,60.7,53.2,50.8,46.4,39.2,67.5,59.6,37.3,48.1,63.3,45.7,,,,
27/1/2025,07:00,39.9,53.1,38.3,53.3,42.9,63.2,60.3,54.3,60.9,50.7,27.1,45.6,34.5,34.2,48.0,42.5,34.4,31.5,50.6,36.9,,,,
28/1/2025,07:00,30.5,25.4,28,32.8,32.8,59,29.2,27.5,29.9,38.9,25.3,29.8,40.1,29.6,25.6,35.5,30.4,29.1,42,33.5,,,,
29/1/2025,07:00,30.5,25.4,28,32.8,32.8,59,29.2,27.5,29.9,38.9,25.3,29.8,40.1,29.6,25.6,35.5,30.4,29.1,42,33.5,,,,
30/1/2025,07:00,28,31.7,35.8,NA,34.5,64.8,38.7,37.2,33.2,38.7,29.4,32.8,46.2,31.7,40.4,40.6,33.5,30,47.6,38.2,,,,
31/1/2025,07:00,39.4,50.1,41.8,57.5,46.8,71.8,50.3,42.6,47.6,53.9,44.2,41.3,51.8,47.2,42.8,52.9,41.4,41.2,54.1,41.6,,,,
1/2/2025,07:00,43.5,62.5,53.5,66.9,52.8,68,56.4,54.9,59.7,54.6,48.7,52.1,53.7,43,58.3,64.5,45.1,49.6,67.3,49.9,,,,
2/2/2025,07:00,45.7,70.7,46,61.7,52.3,72.5,69,63.2,60.6,52.3,48.6,51.4,46.6,40.4,59.4,59.8,39.6,44.7,60.8,45.1,,,,
3/2/2025,07:00,39.6,62.1,43.7,56.3,52.7,69.6,62.5,60.8,52.2,55.4,45,45.9,40.1,33.7,45.2,48.7,35.4,35.1,52.2,39.1,,,,
4/2/2025,07:00,36.1,51.5,40,47.1,47.3,46.2,62.9,61.2,43.3,40.9,32,35.8,33.6,26.4,63.3,44.5,30.9,36,49.4,39.8,,,,
5/2/2025,07:00,43.6,37.6,42.8,52.3,49.2,44.3,36.6,34.8,43.3,45.9,26,35,38.1,26.5,27,49.1,33.9,36.3,54,42.1,,,,
6/2/2025,07:00,38.2,49.4,30.5,46.4,38.3,43.8,47,43.8,40.1,50.8,34.2,41.5,40.8,33.4,42.7,46.1,32.9,33.3,46.9,35,,,,
7/2/2025,07:00,38.3,49.6,31.3,45.9,32,43.7,46.2,50.2,40.1,49.7,33.1,34.5,33.4,23.1,61.6,39.8,20.4,30,39.8,32.9,,,,
8/2/2025,07:00,38.2,54.3,32.4,43.6,33.8,39.2,56.2,51.8,41.1,42.1,26.1,32.2,33.4,25.8,63.2,40.1,25.7,27.4,39.9,32.6,,,,
9/2/2025,07:00,44.3,32.7,38.4,41.5,36.4,41.3,28.8,23.5,36.8,50.4,29.4,43.8,44.3,34.9,18.4,39.8,30.3,30.2,43.6,34.6,,,,
10/2/2025,07:00,35,22.7,22.2,28.2,26.1,35.9,18.2,14.2,24.6,33.7,15,24.3,33.5,23.6,12.8,29.6,24.6,19,37.1,27.5,,,,
11/2/2025,07:00,39.4,36.3,26.1,40.6,32.3,45.3,34.9,34.6,28.7,31.1,16.2,28.5,16.2,24.7,45.7,35.3,24.5,25.8,41.4,33.5,,,,
12/2/2025,07:00,44.6,50.5,44.6,56.2,49.5,47.3,49.8,58.4,55.5,50.6,38.4,51.7,56.8,NA,57.1,65,47.4,52.8,72.9,49.9,,,,
13/2/2025,07:00,54.7,69.4,68.3,82.4,67.5,54.6,47.2,53.3,66.2,70,45.7,64,57.8,NA,41.9,83.1,58.4,59,84.8,55.2,,,,
14/2/2025,07:00,50.8,62.8,44.6,60.3,62.8,50.8,60.3,55.4,56.2,54.3,30.4,52,42.5,NA,42.5,67.3,35.4,40.2,53,40.8,,,,
15/2/2025,07:00,40.3,56.2,38.3,46.8,48.7,42.3,53,59.7,45.1,49.5,19.1,37.3,35.7,NA,44.1,46,27,33.6,45.3,35,,,,
16/2/2025,07:00,32.1,53.1,33.3,45.3,37,40.5,60,56.8,37.8,44.4,24.1,30.9,29.2,20.3,43.5,50,30.6,38.7,43.2,33.3,,,,
17/2/2025,07:00,23.8,36.3,26.9,32.4,33.8,32,43.6,44.8,28.5,31.2,17.2,25.5,22.9,19.5,35.9,39.5,25.5,29.2,29.7,29.7,,,,
18/2/2025,07:00,17.7,28.7,20.7,26.4,21.1,26.2,33.9,30.6,31.9,29.4,14.1,20.7,20.5,13.2,27.7,28.7,16.7,18.8,31.2,29,,,,
19/2/2025,07:00,15.7,24.6,18.1,23.4,22.2,27.7,29.4,27,22.4,25.6,9,12.4,19.9,10.3,25.1,22.1,12.1,14.2,24.3,21.5,,,,
20/2/2025,07:00,16.4,33.6,20,30.9,22.4,30.9,39.7,40.3,28.1,28.1,12.1,21.4,23.4,14,38.8,34.4,20.4,23.3,33.3,26.5,,,,
21/2/2025,07:00,12.7,27.0,18.0,18.0,13.6,20.6,37.8,38.1,14.2,16.1,13.9,17.5,14.2,15.1,28.4,27.4,18.6,19.5,33.7,21.3,,,,
22/2/2025,07:00,15.2,28.0,19.9,18.6,17.1,26.9,27.1,44.0,21.7,22.5,16.4,20.4,19.1,17.3,39.4,23.5,17.7,15.8,30.9,21.1,,,,
23/2/2025,07:00,17.1,24.0,12.3,12.7,15.4,21.2,31.6,48.6,16.3,17.1,11.7,16.7,14.1,11.6,21.0,18.5,13.9,15.5,25.4,17.9,,,,
24/2/2025,07:00,17.9,22.5,15.0,14.2,16.5,25.4,25.6,39.7,18.3,19.3,14.1,16.6,16.4,15.7,19.1,19.2,13.9,15.6,27.6,18.6,,,,
25/2/2025,07:00,16.2,22.7,13.1,13.5,13.7,19.2,28.6,37.7,17.7,17.5,12.9,17.3,13.5,12.3,19.1,19.4,14.1,13.3,27.7,19.4,,,,
26/2/2025,07:00,12.5,22.5,12.7,14.2,12.8,15.4,28.3,29.9,14.7,16.9,10.6,16.9,13.3,10.3,22.7,19.4,11.2,12.5,25.8,17.4,,,,
27/2/2025,07:00,14.0,23.9,12.4,12.4,11.6,16.7,30.4,26.2,16.7,18.6,10.7,18.6,12.2,11.0,28.0,19.7,12.7,12.8,25.5,17.9,,,,
28/2/2025,07:00,16.5,26.0,14.0,13.6,13.9,25.3,35.3,28.3,18.6,18.8,12.7,18.8,15.4,11.5,30.8,21.9,13.1,14.3,26.8,19.5,,,,
1/3/2025,07:00,20.1,28.3,13.1,15.0,14.6,27.3,39.8,37.7,17.0,20.0,14.0,16.2,16.0,11.5,35.9,21.7,14.1,14.2,29.1,19.8,,,,
2/3/2025,07:00,30.0,36.5,23.8,24.6,23.8,36.0,55.5,33.6,31.5,26.6,20.7,25.5,23.8,12.2,55.3,32.0,24.5,24.9,37.3,29.6,,,,
3/3/2025,07:00,31.3,38.0,25.1,25.3,28.2,36.9,47.5,35.9,29.4,31.2,23.9,33.0,24.4,24.1,37.0,36.0,28.8,27.7,39.8,31.9,,,,
4/3/2025,07:00,22.3,31.6,17.2,18.2,17.8,32.8,32.1,42.2,20.1,25.0,16.0,20.7,16.9,14.2,32.1,24.0,17.4,17.4,29.5,21.6,,,,
5/3/2025,07:00,19.8,26.5,17.8,18.2,14.6,42.8,35.3,38.1,20.6,18.2,16.4,18.2,17.0,16.6,26.4,22.2,18.1,18.7,28.9,21.6,,,,
6/3/2025,07:00,25.0,29.2,18.4,18.1,17.8,30.2,38.3,30.6,23.1,27.0,18.6,22.1,19.7,18.4,36.6,26.1,18.2,21.8,31.9,23.7,,,,
7/3/2025,07:00,24.0,29.2,23.6,24.4,24.3,32.4,41.2,29.1,27.2,30.3,21.0,23.5,22.9,21.9,47.5,29.0,23.5,24.8,37.0,24.8,,,,
8/3/2025,07:00,23.3,31.2,17.4,18.5,18.7,29.1,39.9,26.3,20.2,24.4,16.0,21.0,20.9,17.4,31.5,27.2,21.7,21.8,33.9,23.9,,,,
9/3/2025,07:00,17.2,24.5,18.5,14.9,14.9,24.2,30.5,29.7,20.4,22.6,15.9,20.6,17.2,15.8,23.3,26.2,19.0,20.8,33.7,22.6,,,,
10/3/2025,07:00,16.5,24.8,17.9,17.3,17.3,23.9,38.1,23.2,22.2,24.6,15.7,18.6,18.4,17.0,24.9,25.3,18.5,18.9,33.1,22.5,,,,
11/3/2025,07:00,19.9,23.2,18.5,17.4,18.7,22.4,30.3,24.7,21.4,25.4,15.8,22.2,19.1,16.1,20.7,26.3,19.3,19.5,33.7,22.9,,,,
12/3/2025,07:00,19.2,NA,19.9,19.9,21.7,24.4,31.9,23.7,NA,23.4,16.6,20.4,18.6,16.1,25.4,30.0,23.7,25.7,36.6,24.8,,,,
13/3/2025,07:00,24.7,24.1,20.2,19.0,20.3,27.8,29.7,21.6,21.1,24.7,19.1,21.2,18.7,20.0,26.7,26.2,16.6,17.9,32.1,22.5,,,,
14/3/2025,07:00,17.6,27.9,14.4,16.5,15.7,28.1,31.4,21.7,16.8,19.2,17.2,17.2,15.3,15.6,25.0,20.6,13.8,14.9,27.7,18.8,,,,
15/3/2025,07:00,NA,32.0,29.4,28.0,26.4,47.4,39.9,19.3,32.7,35.1,28.6,27.0,27.0,31.0,35.7,29.9,23.8,22.8,38.2,24.9,,,,
16/3/2025,07:00,NA,30.8,28.8,25.8,28.8,35.9,39.0,22.2,28.6,33.6,24.3,27.3,29.5,29.5,39.7,35.0,29.4,30.4,43.9,31.9,,,,
17/3/2025,07:00,22.6,24.7,19.3,18.6,23.7,21.7,38.3,22.8,20.4,21.8,16.4,19.7,17.8,17.3,31.3,29.3,27.2,22.8,35.3,24.4,,,,
18/3/2025,07:00,19.1,23.4,15.2,15.5,14.9,21.3,30.4,23.6,17.7,20.5,13.8,14.3,13.7,14.8,22.7,25.0,18.1,21.4,30.2,18.8,,,,
19/3/2025,07:00,25.8,30.0,13.6,21.2,16.8,27.0,31.9,22.6,19.8,19.0,20.3,14.6,21.0,20.9,18.6,25.0,22.7,23.1,32.9,23.3,,,,
20/3/2025,07:00,21.9,18.1,28.8,14.2,15.9,22.8,19.9,22.9,12.4,13.0,25.5,22.7,8.0,20.3,17.7,25.3,18.0,19.4,34.5,25.4,,,,
21/3/2025,07:00,17.3,23.2,15.7,17.4,16.4,21.7,32.4,26.5,19.0,17.2,39.6,17.5,14.4,14.8,22.2,27.1,19.0,20.0,31.4,18.7,,,,
22/3/2025,07:00,24.9,28.3,18.4,15.9,16.7,27.9,38.0,20.7,22.2,23.7,17.8,20.9,19.7,19.5,27.5,23.7,17.8,19.1,30.4,20.1,,,,
23/3/2025,07:00,30.4,29.2,25.4,22.0,23.9,36.0,43.7,31.4,24.7,31.0,22.4,23.8,25.4,26.2,31.8,30.7,23.9,26.6,37.0,25.4,,,,
24/3/2025,07:00,25.3,29.6,23.5,20.8,24.7,30.8,39.3,NA,25.3,24.8,19.9,24.4,20.7,21.2,34.8,32.6,25.2,26.8,39.6,26.2,,,,
25/3/2025,07:00,36.4,32.8,41.6,35.9,31.4,32.1,34.5,30.7,37.2,48.2,39.6,37.8,34.1,45.4,27.5,50.7,42.6,37.9,62.7,44.7,,,,
26/3/2025,07:00,34.5,53.3,45.8,34.4,32.3,39.5,55.8,24.4,40.3,43.0,38.3,39.7,35.5,33.7,36.7,53.6,40.8,40.6,55.0,36.8,,,,
27/3/2025,07:00,36.4,30.7,20.1,31.6,20.1,32.0,34.9,19.4,22.3,30.1,24.7,26.0,26.5,26.5,22.3,25.1,19.2,17.8,36.4,12.4,,,,
28/3/2025,07:00,20.4,24.1,15.9,18.3,16.0,24.7,29.6,26.5,19.2,22.6,15.0,17.7,16.9,17.5,20.2,24.8,17.5,18.1,30.7,17.7,,,,
29/3/2025,07:00,20.7,26.9,17.8,18.8,16.4,27.8,34.7,20.7,20.6,25.0,16.9,19.9,19.3,16.9,21.7,25.7,18.9,18.9,33.2,18.5,,,,
30/3/2025,07:00,19.1,28.2,16.7,19.8,17.5,21.8,34.0,31.4,21.1,24.2,13.7,18.8,15.7,14.6,21.2,25.0,19.0,18.7,31.0,17.7,,,,
31/3/2025,07:00,17.2,24.9,14.4,16.9,14.5,24.5,28.2,NA,17.1,17.8,13.5,18.3,14.7,14.1,23.9,20.9,14.5,14.5,28.3,17.4,,,,
1/4/2025,07:00,19.9,24.7,16.3,15.5,16.4,26.8,35.1,30.7,17.4,22.6,16.9,20.6,15.8,16.0,22.4,24.1,18.7,17.7,29.6,18.8,,,,
2/4/2025,07:00,25.1,23.0,18.3,14.9,18.1,33.3,33.6,24.4,22.3,25.4,17.4,21.7,20.0,16.6,22.9,24.8,16.6,18.2,30.0,18.0,,,,
3/4/2025,07:00,24.1,31.9,20.0,20.9,23.6,27.4,36.2,19.4,21.6,27.4,16.6,21.5,17.5,17.1,24.6,24.9,19.7,21.6,32.1,22.3,,,,
4/4/2025,07:00,14.3,23.8,12.3,14.9,14.7,21.0,28.1,26.5,15.4,20.1,12.6,17.4,12.3,11.4,16.5,17.5,12.4,12.4,26.0,15.6,,,,
5/4/2025,07:00,10.2,15.4,10.6,10.7,7.8,15.3,23.0,20.7,15.2,17.2,10.1,12.3,10.9,8.7,9.4,17.5,12.8,12.6,25.9,13.8,,,,
6/4/2025,07:00,11.7,20.3,17.2,17.2,16.7,13.3,32.3,31.4,16.6,20.6,13.0,17.0,12.6,11.6,13.9,30.6,24.3,27.0,36.7,22.9,,,,
7/4/2025,07:00,8.9,19.6,15.6,15.4,16.2,12.1,27.8,38.1,16.6,18.7,11.1,17.0,12.3,11.2,14.7,28.8,26.2,28.3,34.9,22.2,,,,
8/4/2025,07:00,11.4,23.2,14.1,16.7,15.6,13.0,28.2,44.0,15.3,17.0,10.1,16.6,10.1,8.8,13.5,25.6,21.1,20.1,32.7,20.5,,,,
9/4/2025,07:00,17.3,26.4,17.1,20.4,21.3,20.4,36.7,48.6,21.7,22.6,16.9,21.4,16.3,17.5,21.5,25.4,19.0,21.4,31.0,21.7,,,,
10/4/2025,07:00,20.4,31.3,22.8,25.2,22.6,19.4,35.4,39.7,27.4,27.2,20.6,22.8,21.9,20.1,22.6,29.7,23.1,21.4,37.1,25.6,,,,
11/4/2025,07:00,16.7,24.7,15.9,19.8,16.7,19.6,30.4,37.7,20.2,20.4,13.8,19.3,14.4,13.6,16.5,26.0,19.6,23.7,32.4,20.1,,,,
12/4/2025,07:00,18.4,25.6,18.1,18.9,16.3,21.0,20.9,29.9,21.6,23.5,16.1,19.7,17.1,17.0,22.1,25.1,19.3,19.8,33.0,20.4,,,,
13/4/2025,07:00,NA,19.6,7.3,8.1,8.7,14.4,18.0,26.2,14.5,15.1,6.8,11.5,9.5,5.3,16.2,17.4,9.8,18.9,23.5,12.6,,,,
14/4/2025,07:00,15.7,21.9,12.4,15.2,10.8,18.7,27.1,28.3,12.7,17.9,10.2,15.3,12.1,12.1,24.4,17.4,11.1,9.4,24.3,15.8,,,,
15/4/2025,07:00,12.8,34.3,15.8,20.1,17.5,21.5,45.4,37.7,19.6,16.6,14.9,17.7,12.1,13.3,34.6,32.0,24.9,25.2,36.6,29.1,,,,
16/4/2025,07:00,29.7,42.9,32.0,26.8,31.5,43.6,45.4,33.6,27.2,33.0,21.0,25.1,22.0,21.7,44.3,44.6,39.3,40.2,53.0,39.3,,,,
17/4/2025,07:00,28.5,29.8,18.3,22.2,17.8,35.5,43.6,35.9,22.0,30.6,21.0,23.9,21.8,23.5,33.8,28.3,23.2,23.8,34.3,25.9,,,,
18/4/2025,07:00,26.9,27.6,22.0,20.9,21.0,29.7,41.3,42.2,18.6,32.6,20.9,23.6,19.9,21.1,33.2,30.3,25.6,24.5,37.4,27.3,,,,
19/4/2025,07:00,28.5,26.1,21.7,20.5,21.8,30.0,34.7,38.1,18.5,30.4,21.1,25.3,19.6,22.4,26.2,28.0,23.7,22.9,35.5,25.1,,,,
20/4/2025,07:00,20.6,26.9,15.6,19.0,15.3,27.9,29.9,30.6,19.5,22.0,16.2,21.7,13.8,16.6,22.7,23.3,18.9,19.1,31.8,21.9,,,,
21/4/2025,07:00,20.3,22.4,14.3,14.4,14.9,22.4,30.5,29.1,15.4,22.7,13.6,16.8,14.0,13.8,19.6,22.5,17.6,16.7,29.9,20.3,,,,
22/4/2025,07:00,13.8,21.3,13.5,13.0,14.0,18.6,27.7,26.3,13.8,17.9,11.5,15.5,11.9,11.0,16.6,21.6,17.3,17.7,29.0,18.6,,,,
23/4/2025,07:00,12.2,18.0,11.8,11.9,11.7,15.8,24.9,29.7,12.2,18.5,10.4,15.1,10.8,9.4,13.1,28.6,21.9,25.1,35.3,19.0,,,,
24/4/2025,07:00,13.9,23.1,19.2,16.4,14.2,17.3,28.2,23.2,14.9,22.5,15.7,20.2,17.3,16.7,16.2,35.7,33.3,31.9,41.0,26.2,,,,
25/4/2025,07:00,28.4,30.4,31.8,27.5,31.4,17.6,31.8,24.7,19.5,34.7,24.4,28.8,23.3,28.7,18.2,45.1,39.7,40.2,49.2,34.9,,,,
26/4/2025,07:00,24.2,34.9,NA,32.3,33.1,23.6,38.5,23.7,19.3,37.8,26.9,33.1,29.8,NA,22.1,45.0,43.1,44.7,52.1,28.6,,,,
27/4/2025,07:00,19.0,28.1,17.7,18.7,23.7,17.6,34.5,21.6,13.6,24.4,17.0,21.5,19.6,17.4,16.4,32.4,29.1,26.1,39.3,24.2,,,,
28/4/2025,07:00,15.2,20.8,15.0,16.1,22.1,15.5,25.2,21.7,9.4,19.2,12.5,18.3,13.0,NA,13.7,26.7,22.0,23.0,33.7,19.9,,,,
29/4/2025,07:00,12.3,17.7,9.8,13.6,11.2,15.8,23.2,19.3,18.4,14.3,8.7,13.0,9.9,NA,12.9,19.3,13.8,14.5,26.4,15.2,,,,
30/4/2025,07:00,10.5,15.9,9.6,11.9,10.3,14.6,22.2,22.2,17.1,15.9,9.1,12.0,9.8,7.6,14.1,15.7,11.2,9.2,22.6,14.5,,,,
1/5/2025,07:00,10.8,12.0,10.2,9.4,7.1,16.4,20.4,22.8,23.8,15.5,8.3,14.1,10.7,NA,10.5,19.5,14.1,13.7,25.6,14.7,,,,
2/5/2025,07:00,7.5,18.3,10.1,10.4,9.1,12.3,22.3,23.6,17.4,12.9,7.3,12.5,8.3,NA,6.5,22.0,16.1,16.3,28.1,17.5,,,,
3/5/2025,07:00,5.6,13.0,5.9,5.6,7.4,10.0,17.6,22.6,16.9,11.1,5.5,10.9,7.6,NA,7.2,16.8,9.9,7.8,21.6,13.9,,,,
4/5/2025,07:00,4.2,13.3,8.2,6.7,11.5,9.4,18.3,22.9,15.5,11.5,6.4,10.6,8.3,NA,7.5,17.2,11.3,11.9,24.0,12.8,,,,
5/5/2025,07:00,7.5,9.4,16.3,18.8,14.9,9.1,21.9,26.5,17.3,21.7,11.9,17.7,13.5,13.9,9.3,38.0,30.8,32.4,42.0,21.8,,,,
6/5/2025,07:00,12.8,26.4,33.1,27.5,30.4,15.1,33.8,20.7,19.9,40.5,28.8,31.7,28.5,29.8,15.2,45.6,44.6,41.1,49.7,29.7,,,,
7/5/2025,07:00,15.3,31.6,26.1,24.3,25.7,13.9,34.1,31.4,16.0,28.1,18.4,27.5,20.2,22.7,NA,38.0,33.9,34.6,NA,26.7,,,,
8/5/2025,07:00,6.9,27.0,19.7,15.5,25.4,9.7,29.4,NA,17.2,22.7,13.7,21.6,15.3,13.1,14.5,32.1,NA,29.5,38.1,21.2,,,,
9/5/2025,07:00,8.5,20.6,25.0,20.9,23.8,10.9,27.5,30.7,16.9,26.2,17.3,23.8,17.9,15.5,14.2,37.3,32.2,31.7,44.0,25.5,,,,
10/5/2025,07:00,20.5,27.3,35.5,26.6,29.9,19.7,31.0,24.4,15.6,38.3,25.9,34.0,27.1,25.6,25.3,42.2,40.5,37.6,48.6,28.5,,,,
11/5/2025,07:00,16.3,21.6,25.1,21.7,19.7,19.1,30.0,19.4,21.9,27.8,15.3,24.2,17.4,15.0,22.6,35.3,30.6,32.2,39.7,22.8,,,,
12/5/2025,07:00,16.4,16.6,11.2,12.1,13.6,21.2,24.4,26.5,14.8,19.6,15.6,18.1,12.1,8.2,14.5,26.9,19.8,17.4,37.7,18.5,,,,
13/5/2025,07:00,15.5,22.8,16.8,21.8,20.0,22.5,26.2,20.7,22.1,29.8,19.0,21.5,22.0,15.9,16.1,24.6,18.5,18.8,29.9,19.3,,,,
14/5/2025,07:00,11.8,15.0,14.6,15.7,10.3,15.5,26.4,31.4,20.6,21.1,12.7,18.3,13.0,10.7,14.1,20.6,12.8,15.5,26.2,17.3,,,,
15/5/2025,07:00,12.8,16.9,18.1,15.8,16.7,17.9,21.6,NA,17.5,24.4,14.3,19.4,15.3,NA,10.3,19.5,13.9,15.8,28.3,17.1,,,,
16/5/2025,07:00,14.5,16.3,20.4,23.9,16.2,19.5,24.2,30.7,20.6,27.8,18.6,23.3,20.6,NA,13.4,29.1,22.2,21.5,37.7,21.5,,,,
17/5/2025,07:00,15.2,27.3,32.1,26.1,20.1,NA,30.5,24.4,26.9,26.5,17.4,26.2,16.6,18.3,17.4,27.0,21.1,19.1,33.6,20.9,,,,
18/5/2025,07:00,11.6,17.5,14.7,14.9,26.6,20.2,19.4,19.4,18.4,19.3,11.6,15.8,14.0,9.9,11.0,24.2,16.5,14.4,35.9,18.7,,,,
19/5/2025,07:00,12.1,19.6,38.0,27.9,15.5,18.0,23.3,26.5,25.2,37.8,34.5,31.4,25.8,24.3,14.1,33.0,27.2,30.9,42.2,23.4,,,,
20/5/2025,07:00,18.6,19.0,33.5,23.1,21.7,18.6,25.1,20.7,25.1,33.4,21.1,26.0,23.2,18.1,16.7,26.6,19.6,19.8,38.1,23.7,,,,
21/5/2025,07:00,10.0,17.7,21.0,15.0,18.6,17.6,24.0,31.4,23.7,25.9,14.0,19.2,14.1,11.0,14.5,26.0,18.3,15.8,30.6,21.1,,,,
22/5/2025,07:00,10.7,14.8,18.1,13.4,15.1,21.2,NA,22.1,20.8,16.5,9.4,14.7,11.1,7.5,8.6,20.7,12.0,13.9,29.1,15.6,,,,
23/5/2025,07:00,7.5,16.1,10.5,12.1,9.3,20.5,12.1,20.6,26.2,13.7,5.1,13.2,7.9,NA,8.1,17.8,7.1,8.9,26.3,13.3,,,,
24/5/2025,07:00,10.8,10.9,12.7,9.3,11.0,29.8,9.0,17.5,21.5,14.4,8.9,13.7,10.2,NA,7.1,20.3,14.1,12.9,29.7,15.0,,,,
25/5/2025,07:00,10.8,10.0,15.2,12.8,10.7,NA,12.9,20.6,20.7,17.5,8.2,13.6,11.6,6.9,8.1,22.1,11.5,10.7,23.2,11.0,,,,
26/5/2025,07:00,4.4,8.0,11.0,6.5,8.8,18.0,6.8,11.1,17.7,8.7,7.1,10.1,6.6,NA,4.6,19.5,10.6,9.9,24.7,12.0,,,,
27/5/2025,07:00,5.5,6.9,9.3,9.2,9.0,19.3,9.7,9.5,19.9,12.3,5.7,9.7,6.5,9.2,4.7,19.3,8.2,8.8,23.7,11.7,,,,
28/5/2025,07:00,4.2,7.4,9.2,8.2,8.1,15.2,7.7,11.4,17.2,10.5,6.1,11.0,6.7,8.1,3.0,17.7,8.6,9.1,21.6,12.5,,,,
29/5/2025,07:00,5.5,7.0,9.0,9.1,6.2,23.5,9.2,10.1,18.1,NA,4.9,10.0,7.1,10.0,4.0,12.8,6.8,9.2,21.7,11.0,,,,
30/5/2025,07:00,5.2,10.2,8.8,4.5,7.9,10.0,13.9,23.7,21.7,NA,5.1,12.4,7.9,9.6,6.3,12.0,6.0,5.9,19.3,10.5,,,,
31/5/2025,07:00,8.0,12.2,10.2,7.6,7.2,13.8,11.5,20.8,18.1,NA,8.8,12.2,9.7,10.6,6.4,14.1,7.6,7.8,22.2,11.2,,,,
1/6/2025,07:00,5.2,13.4,11.5,9.5,8.1,11.1,12.5,11.1,21.2,NA,5.4,10.8,7.4,12.7,9.0,15.3,11.6,10.3,22.8,11.3,,,,
2/6/2025,07:00,6.4,13.0,11.9,9.2,8.0,9.5,17.7,9.5,17.6,NA,7.3,13.2,11.8,12.7,8.7,15.6,12.6,11.4,23.6,12.2,,,,
3/6/2025,07:00,15.7,15.5,6.6,9.3,8.6,11.4,17.6,11.4,19.3,16.0,7.2,15.0,7.8,10.4,10.8,16.8,12.2,14.1,22.6,12.7,,,,
4/6/2025,07:00,5.3,9.4,7.1,9.2,8.7,10.1,15.1,10.1,16.6,11.6,5.2,9.6,4.2,7.6,6.0,14.1,8.4,9.7,22.9,11.0,,,,
5/6/2025,07:00,3.4,7.0,6.4,6.8,7.0,9.7,11.7,19.9,15.1,10.4,4.6,12.1,8.1,NA,4.5,19.2,11.1,12.2,11.1,9.9,,,,
6/6/2025,07:00,5.7,10.3,7.0,5.4,5.0,10.6,13.5,17.2,13.8,10.8,6.1,9.4,7.8,4.8,4.3,12.0,9.5,13.5,9.5,12.6,,,,
7/6/2025,07:00,12.4,9.3,8.0,7.5,6.1,10.8,13.2,18.1,11.2,10.4,5.3,12.4,7.9,4.3,7.5,22.1,11.4,14.2,11.4,16.7,,,,
8/6/2025,07:00,12.0,14.4,9.7,9.5,9.4,14.2,18.1,21.7,18.2,15.7,6.9,12.1,10.6,6.4,8.8,18.9,10.1,18.4,10.1,21.1,,,,
9/6/2025,07:00,10.0,14.7,10.9,10.2,7.8,11.7,15.8,18.1,11.1,18.0,8.2,11.4,16.1,7.4,8.2,21.8,18.4,20.6,11.4,19.3,,,,
10/6/2025,07:00,20.4,13.7,12.7,14.7,7.9,12.2,19.1,21.2,9.5,14.3,9.2,20.0,20.1,5.8,4.9,11.1,18.1,23.9,10.1,15.6,,,,
11/6/2025,07:00,19.6,14.4,22.0,15.3,11.6,19.4,19.9,17.6,11.4,18.3,10.3,18.7,21.7,6.7,9.8,9.5,18.7,16.0,19.4,7.2,,,,
12/6/2025,07:00,11.1,16.5,9.5,16.7,6.7,15.3,17.8,19.3,10.1,13.3,9.5,12.8,15.5,19.5,9.1,11.4,11.1,12.2,11.1,9.9,,,,
13/6/2025,07:00,9.5,16.0,10.6,14.5,11.9,17.5,11.9,16.6,11.7,19.6,9.8,10.0,13.4,15.7,9.0,10.1,9.5,13.5,9.5,12.6,,,,
14/6/2025,07:00,11.4,11.1,11.1,11.0,11.0,13.3,9.0,15.1,12.5,16.5,11.4,13.4,14.1,13.0,6.8,22.1,11.4,14.2,11.4,16.7,,,,
15/6/2025,07:00,10.1,13.5,9.5,19.7,13.2,14.2,12.0,11.1,13.7,11.1,12.8,14.6,15.0,10.1,5.1,18.9,10.1,18.4,10.1,21.1,,,,
16/6/2025,07:00,11.4,7.4,11.4,16.5,10.5,8.8,16.9,9.5,14.8,9.5,8.1,8.1,19.1,9.2,6.9,21.8,18.4,20.6,11.1,19.3,,,,
17/6/2025,07:00,20.4,13.7,10.1,14.7,7.9,12.2,19.1,11.4,15.3,11.4,9.2,20.0,20.1,5.8,4.9,11.1,18.1,23.9,9.5,15.6,,,,
18/6/2025,07:00,19.6,14.4,22.0,15.3,11.6,19.4,19.9,10.1,13.0,10.1,10.3,18.7,21.7,6.7,9.8,9.5,11.1,16.0,11.4,7.2,,,,
19/6/2025,07:00,11.1,16.5,9.5,16.7,6.7,15.3,17.8,10.0,21.2,13.3,9.5,12.8,15.5,19.5,9.1,11.4,9.5,12.2,10.1,9.9,,,,
20/6/2025,07:00,9.5,16.0,10.6,14.5,11.9,17.5,11.9,14.0,11.7,19.6,9.8,10.0,13.4,15.7,9.0,10.1,11.4,13.5,20.7,12.6,,,,
21/6/2025,07:00,11.4,11.1,11.1,11.0,11.0,13.3,9.0,16.0,12.5,16.5,11.4,13.4,14.1,13.0,6.8,22.1,10.1,14.2,11.1,16.7,,,,
22/6/2025,07:00,10.1,13.5,9.5,19.7,13.2,14.2,12.0,19.0,13.7,11.1,12.8,14.6,15.0,10.1,5.1,18.9,25.0,18.4,9.5,21.1,,,,
23/6/2025,07:00,11.4,7.4,11.4,16.5,10.5,8.8,16.9,21.0,14.8,9.5,8.1,8.1,19.1,9.2,6.9,21.8,18.4,20.6,11.4,19.3,,,,
24/6/2025,07:00,6.6,10.1,10.1,14.5,22.8,13.8,10.0,16.1,11.2,11.4,4.7,11.2,16.7,18.3,10.1,15.0,17.7,8.5,10.1,10.9,,,,
25/6/2025,07:00,8.4,13.2,9.3,16.5,5.2,10.0,10.0,9.0,11.3,10.1,4.4,8.8,12.6,NA,NA,10.1,13.7,12.2,NA,13.0,,,,
26/6/2025,07:00,9.1,18.2,5.1,11.2,2.6,9.6,11.0,11.2,11.3,10.4,2.6,NA,9.2,6.0,NA,15.0,19.9,11.9,24.1,12.4,,,,
27/6/2025,07:00,7.2,15.0,6.2,8.5,3.6,10.0,16.9,14.0,12.6,10.5,2.7,18.5,7.3,5.9,NA,9.0,6.9,6.8,19.8,9.5,,,,
28/6/2025,07:00,6.1,17.2,9.0,7.9,5.4,9.7,15.9,18.0,15.6,9.9,3.3,13.8,11.9,7.3,NA,11.1,11.0,13.6,16.6,9.8,,,,
29/6/2025,07:00,4.8,12.9,7.4,8.6,8.8,11.4,12.9,11.1,14.0,12.9,6.5,8.1,20.2,NA,4.0,9.5,7.8,11.2,14.8,12.7,,,,
30/6/2025,07:00,10.9,5.7,10.6,8.3,6.9,10.9,15.2,9.5,19.3,8.0,5.3,13.8,12.9,4.8,3.1,11.4,11.8,11.9,14.5,10.0,,,,
1/7/2025,07:00,16.0,18.3,13.1,NA,14.9,15.3,18.6,11.4,11.2,21.8,11.4,20.0,20.6,21.5,6.2,10.1,20.1,19.8,9.0,18.4,,,,
2/7/2025,07:00,9.5,12.2,6.9,12.1,10.0,15.0,14.0,10.1,13.5,16.9,10.6,18.2,14.6,4.0,7.9,20.0,15.8,16.6,7.9,19.0,,,,
3/7/2025,07:00,18.5,12.5,NA,13.7,8.6,16.0,12.1,23.9,13.4,11.1,9.2,9.4,17.3,NA,8.0,16.2,7.4,5.1,9.4,13.6,,,,
4/7/2025,07:00,6.6,6.6,8.7,9.9,7.5,11.6,10.4,20.1,10.3,9.5,7.6,10.1,11.0,5.9,4.1,23.9,20.2,23.8,6.3,10.6,,,,
5/7/2025,07:00,5.3,23.1,10.5,9.3,11.9,12.2,12.3,12.9,15.4,11.4,8.5,13.0,3.5,14.5,2.0,10.0,14.5,10.5,9.0,18.0,,,,
6/7/2025,07:00,18.9,16.5,14.8,18.9,6.5,11.9,14.0,12.9,13.8,10.1,12.2,8.8,7.8,14.7,10.8,14.0,14.7,10.9,7.9,13.2,,,,
7/7/2025,07:00,23.3,19.5,15.8,18.2,8.9,13.5,11.1,15.9,15.1,14.7,13.3,20.7,6.4,10.4,10.5,16.0,12.4,8.7,9.4,14.3,,,,
8/7/2025,07:00,5.9,14.1,NA,13.9,11.5,19.6,9.5,12.2,10.6,20.1,8.5,7.3,4.6,11.9,4.5,19.0,11.4,15.9,6.3,14.5,,,,
9/7/2025,07:00,16.5,8.8,24.3,22.3,9.3,17.1,11.4,15.2,10.4,NA,11.2,16.6,7.8,21.1,3.1,21.0,15.2,17.5,7.9,10.6,,,,
10/7/2025,07:00,3.3,8.4,11.8,9.9,8.6,12.3,10.1,19.7,12.7,6.6,4.7,14.8,9.8,15.5,1.4,16.1,NA,13.6,9.4,14.8,,,,
11/7/2025,07:00,6.2,10.9,13.8,12.5,6.2,11.2,20.9,24.5,17.0,8.1,10.6,10.5,6.1,16.8,3.1,9.0,10.3,10.1,6.3,11.0,,,,
12/7/2025,07:00,21.5,14.8,7.5,9.0,6.6,21.5,15.0,13.3,20.7,5.0,6.4,7.3,NA,4.0,5.5,11.2,5.9,8.5,19.0,12.0,,,,
13/7/2025,07:00,9.8,16.4,11.8,9.5,10.2,14.3,10.9,9.5,14.0,11.1,8.6,11.1,9.6,10.4,4.2,14.0,14.4,15.4,18.8,9.6,,,,
14/7/2025,07:00,5.4,18.7,7.4,9.9,9.5,11.5,17.8,18.2,12.9,9.5,10.3,9.5,4.8,8.8,6.9,11.1,11.1,11.0,22.4,15.7,,,,
15/7/2025,07:00,4.9,9.3,NA,NA,7.6,12.5,11.9,8.5,8.9,11.4,9.5,11.4,7.6,7.1,2.6,9.5,16.1,23.0,24.5,11.1,,,,
16/7/2025,07:00,4.5,14.4,13.6,NA,7.3,13.9,11.1,10.3,7.9,10.1,3.3,10.1,12.1,5.6,3.9,11.4,15.1,15.6,9.0,9.5,,,,
17/7/2025,07:00,8.9,14.1,9.3,NA,5.1,10.7,9.5,10.6,10.3,13.7,8.1,8.9,10.8,16.2,2.8,10.1,11.9,20.1,7.9,11.4,,,,
18/7/2025,07:00,11.1,10.6,9.4,NA,7.0,11.6,11.4,11.4,13.8,10.7,10.6,10.3,9.4,8.7,1.0,21.6,11.8,14.3,9.4,10.1,,,,
19/7/2025,07:00,9.5,9.0,7.6,NA,13.1,16.7,10.1,13.5,6.3,12.4,13.1,14.5,11.8,7.5,4.1,23.9,15.3,15.7,6.3,18.0,,,,
20/7/2025,07:00,11.4,7.9,6.9,NA,6.3,16.4,13.1,11.7,6.3,16.9,9.0,12.3,9.9,12.7,7.9,20.1,18.9,19.6,9.0,18.8,,,,
21/7/2025,07:00,10.1,9.4,6.9,NA,3.0,14.3,17.9,10.8,5.9,8.0,3.9,10.4,12.6,8.0,4.0,12.9,15.2,16.7,7.9,7.1,,,,
22/7/2025,07:00,7.0,6.3,15.2,NA,4.1,11.6,17.9,9.4,6.0,5.0,4.9,6.7,8.8,11.8,5.0,12.9,5.8,8.0,9.4,12.8,,,,
23/7/2025,07:00,9.5,5.8,5.5,NA,4.4,10.3,15.0,8.5,5.9,8.8,5.4,9.7,9.3,NA,4.0,15.9,8.6,2.3,6.3,13.1,,,,
24/7/2025,07:00,10.2,7.8,8.3,NA,5.4,10.2,11.9,11.7,7.0,11.3,5.5,11.9,13.3,7.8,3.6,12.2,5.5,8.7,17.0,11.2,,,,
25/7/2025,07:00,10.0,13.9,9.4,NA,6.9,10.7,10.4,11.7,11.0,14.0,7.4,12.3,14.0,10.2,5.1,15.2,7.5,8.5,18.2,11.6,,,,
26/7/2025,07:00,11.9,11.8,11.4,NA,8.8,10.1,12.4,13.3,11.5,19.5,10.2,13.7,13.6,11.7,5.8,19.7,13.3,12.1,9.0,15.7,,,,
27/7/2025,07:00,12.5,12.7,13.7,NA,16.2,13.9,17.7,9.5,10.6,14.7,10.6,16.6,15.5,11.1,9.1,24.5,21.0,20.2,7.9,17.8,,,,
28/7/2025,07:00,15.3,11.2,12.1,NA,18.1,14.8,11.7,8.4,11.3,13.6,9.1,14.1,13.6,10.7,7.6,13.5,9.2,9.1,9.4,12.9,,,,
29/7/2025,07:00,12.1,NA,9.8,NA,17.6,15.1,11.3,10.6,8.0,13.6,5.9,11.6,13.2,9.4,4.9,13.8,7.8,7.4,6.3,11.4,,,,
30/7/2025,07:00,13.3,10.1,11.2,NA,15.7,15.2,13.6,12.0,9.9,12.1,6.9,13.3,12.7,10.3,5.9,14.8,13.4,11.3,20.9,12.6,,,,
31/7/2025,07:00,9.5,10.9,11.2,NA,13.5,11.8,14.1,12.7,8.1,10.8,9.8,16.1,9.9,13.1,3.9,12.0,10.0,19.3,16.1,9.3,,,,
1/8/2025,07:00,18.2,9.7,NA,NA,11.9,11.2,8.0,11.5,8.6,15.2,11.5,11.9,14.8,14.7,5.0,15.1,10.4,7.1,22.9,10.9,,,,
2/8/2025,07:00,8.5,15.5,11.1,NA,14.5,13.4,8.9,14.5,12.0,10.9,9.0,10.3,8.0,10.3,2.1,12.0,6.9,8.4,13.1,10.5,,,,
3/8/2025,07:00,10.3,6.0,8.4,NA,12.8,9.7,8.9,9.3,8.5,5.7,8.0,8.4,13.7,6.7,7.8,13.9,10.7,10.6,18.7,10.8,,,,
4/8/2025,07:00,10.6,14.6,13.0,NA,6.6,9.5,12.0,7.9,7.0,10.2,8.2,9.8,12.3,12.8,5.4,16.7,10.5,12.0,19.6,11.7,,,,
5/8/2025,07:00,11.4,11.0,9.5,NA,11.7,9.0,14.7,11.9,12.3,14.3,6.2,12.4,13.7,7.0,14.7,12.8,7.5,12.7,19.3,9.6,,,,
6/8/2025,07:00,12.8,14.9,14.0,NA,8.0,11.0,6.5,8.8,11.3,13.6,9.1,14.1,13.6,10.7,7.6,13.5,9.2,9.1,19.1,12.9,,,,
7/8/2025,07:00,7.0,10.0,12.9,NA,6.9,9.3,9.2,9.0,8.0,13.6,5.9,11.6,13.2,9.4,4.9,13.8,7.8,7.4,18.1,11.4,,,,
8/8/2025,07:00,10.7,8.6,8.9,NA,7.4,9.2,8.2,8.1,9.9,12.1,6.9,13.3,12.7,10.3,5.9,14.8,13.4,11.3,20.9,12.6,,,,
9/8/2025,07:00,9.4,7.5,7.9,NA,7.0,9.0,9.1,6.2,8.1,10.8,9.8,16.1,9.9,13.1,3.9,12.0,10.0,19.3,16.1,9.3,,,,
10/8/2025,07:00,10.3,11.9,10.3,NA,10.2,8.8,4.5,7.9,8.6,15.2,11.5,11.9,14.8,14.7,5.0,15.1,10.4,7.1,22.9,10.9,,,,
11/8/2025,07:00,13.1,6.5,13.8,NA,12.2,10.2,7.6,7.2,12.0,10.9,9.0,10.3,8.0,10.3,2.1,12.0,6.9,8.4,13.1,10.5,,,,
12/8/2025,07:00,14.7,8.9,6.3,NA,13.4,11.5,9.5,8.1,8.5,5.7,8.0,8.4,13.7,6.7,7.8,13.9,10.7,10.6,18.7,10.8,,,,
13/8/2025,07:00,10.3,11.5,6.3,NA,13.0,11.9,9.2,8.0,7.0,10.2,8.2,9.8,12.3,12.8,5.4,16.7,10.5,12.0,19.6,11.7,,,,
14/8/2025,07:00,6.7,9.3,5.9,NA,15.5,6.6,9.3,8.6,12.3,14.3,6.2,12.4,13.7,7.0,14.7,12.8,7.5,12.7,19.3,9.6,,,,
15/8/2025,07:00,12.8,8.6,6.0,NA,9.4,7.1,9.2,8.7,14.4,14.8,6.4,11.3,14.1,7.4,13.6,17.0,11.0,11.5,23.1,12.4,,,,
16/8/2025,07:00,7.0,6.2,5.9,NA,7.0,6.4,6.8,7.0,16.9,16.1,7.0,14.1,13.9,7.4,8.4,17.2,13.9,14.5,22.7,11.9,,,,
17/8/2025,07:00,7.4,6.6,7.0,NA,10.3,7.0,5.4,5.0,14.7,17.4,5.8,12.8,11.3,7.9,4.9,15.3,8.0,9.3,20.8,12.4,,,,
18/8/2025,07:00,7.4,10.2,11.0,NA,9.3,8.0,7.5,6.1,11.2,13.8,6.0,11.1,9.9,6.9,3.9,14.4,NA,7.9,21.0,12.8,,,,
19/8/2025,07:00,7.9,9.5,11.5,NA,14.4,9.7,9.5,9.4,10.7,13.7,5.7,9.9,11.5,6.4,6.8,15.1,9.4,7.6,19.9,11.5,,,,
20/8/2025,07:00,6.9,7.6,10.6,NA,14.7,10.9,10.2,7.8,11.9,14.4,5.0,7.9,11.0,5.5,7.6,19.7,9.8,13.5,22.9,17.5,,,,
21/8/2025,07:00,6.4,7.3,11.3,NA,13.7,12.7,14.7,7.9,11.9,14.4,5.0,7.9,11.0,5.5,7.6,19.7,9.8,13.5,22.9,17.5,,,,
22/8/2025,07:00,5.5,5.1,8.0,NA,11.0,11.2,11.3,10.4,2.6,12.1,6.9,13.3,12.7,10.3,5.9,14.8,13.4,11.3,20.9,12.6,,,,
23/8/2025,07:00,5.5,7.0,9.9,NA,14.5,13.4,8.9,14.5,12.0,10.9,9.0,10.3,8.0,10.3,2.1,12.0,10.0,19.3,16.1,9.3,,,,
24/8/2025,07:00,10.3,13.1,8.1,NA,12.8,9.7,8.9,9.3,8.5,5.7,8.0,8.4,13.7,6.7,7.8,15.1,10.4,7.1,22.9,10.9,,,,
25/8/2025,07:00,10.3,6.3,8.6,NA,6.6,9.5,12.0,7.9,7.0,10.2,8.2,9.8,12.3,12.8,5.4,25.7,20.2,17.9,17.9,24.1,,,,
26/8/2025,07:00,6.7,3.0,12.0,NA,11.7,9.0,14.7,11.9,12.3,14.3,6.2,12.4,13.7,7.0,14.7,25.8,24.0,21.6,21.6,20.3,,,,
27/8/2025,07:00,12.8,4.1,8.5,NA,11.0,11.2,11.3,10.4,2.6,13.1,6.5,13.8,14.2,12.0,11.1,13.7,11.1,12.8,14.6,19.7,,,,
28/8/2025,07:00,7.0,4.4,7.0,NA,6.1,10.8,13.2,18.1,11.2,10.4,5.3,12.4,7.9,4.3,7.5,22.1,11.4,14.2,11.4,16.7,,,,
29/8/2025,07:00,14.0,5.4,12.3,NA,9.4,14.2,18.1,21.7,18.2,15.7,6.9,12.1,10.6,6.4,8.8,18.9,10.1,18.4,10.1,21.1,,,,
30/8/2025,07:00,12.9,6.9,11.3,NA,7.8,11.7,15.8,18.1,11.1,18.0,8.2,11.4,16.1,7.4,8.2,21.8,18.4,20.6,11.4,19.3,,,,
31/8/2025,07:00,8.9,8.8,8.0,NA,7.9,12.2,19.1,21.2,9.5,14.3,9.2,20.0,20.1,5.8,4.9,11.1,18.1,23.9,10.1,15.6,,,,
1/9/2025,07:00,7.9,7.5,9.9,NA,11.6,19.4,19.9,17.6,11.4,18.3,10.3,18.7,21.7,6.7,9.8,9.5,18.7,16.0,19.4,7.2,,,,
2/9/2025,07:00,10.3,8.8,8.1,NA,6.7,15.3,17.8,19.3,10.1,13.3,9.5,12.8,15.5,19.5,9.1,11.4,11.1,12.2,11.1,9.9,,,,
3/9/2025,07:00,13.8,8.2,8.6,NA,11.9,17.5,11.9,16.6,11.7,19.6,9.8,10.0,13.4,15.7,9.0,10.1,9.5,13.5,9.5,12.6,,,,
4/9/2025,07:00,6.3,4.9,12.0,NA,11.0,13.3,9.0,15.1,12.5,16.5,11.4,13.4,14.1,13.0,6.8,22.1,11.4,14.2,11.4,16.7,,,,
5/9/2025,07:00,6.3,9.8,8.5,NA,13.2,14.2,12.0,11.1,13.7,11.1,12.8,14.6,15.0,10.1,5.1,18.9,10.1,18.4,10.1,21.1,,,,
6/9/2025,07:00,5.9,9.1,7.0,NA,10.5,8.8,16.9,9.5,14.8,9.5,8.1,8.1,19.1,9.2,6.9,21.8,18.4,20.6,11.1,19.3,,,,
7/9/2025,07:00,6.0,9.0,12.3,NA,7.9,12.2,19.1,11.4,15.3,11.4,9.2,20.0,20.1,5.8,4.9,11.1,18.1,23.9,9.5,15.6,,,,
8/9/2025,07:00,5.9,6.8,14.4,NA,11.6,19.4,19.9,10.1,13.0,10.1,10.3,18.7,21.7,6.7,9.8,9.5,11.1,16.0,11.4,7.2,,,,
9/9/2025,07:00,7.0,5.1,11.0,NA,6.7,15.3,17.8,10.0,21.2,13.3,9.5,12.8,15.5,19.5,9.1,11.4,9.5,12.2,10.1,9.9,,,,
10/9/2025,07:00,11.0,6.9,10.7,NA,11.9,17.5,11.9,14.0,11.7,19.6,9.8,10.0,13.4,15.7,9.0,10.1,11.4,13.5,20.7,12.6,,,,
11/9/2025,07:00,11.5,4.9,8.8,NA,11.0,13.3,9.0,16.0,12.5,16.5,11.4,13.4,14.1,13.0,6.8,22.1,10.1,14.2,11.1,16.7,,,,
12/9/2025,07:00,10.6,9.8,9.0,NA,13.2,14.2,12.0,19.0,13.7,11.1,12.8,14.6,15.0,10.1,5.1,18.9,25.0,18.4,9.5,21.1,,,,
13/9/2025,07:00,11.3,9.1,8.1,NA,10.5,8.8,16.9,21.0,14.8,9.5,8.1,8.1,19.1,9.2,6.9,21.8,18.4,20.6,11.4,19.3,,,,
14/9/2025,07:00,8.0,9.0,6.2,NA,22.8,13.8,10.0,16.1,11.2,11.4,4.7,11.2,16.7,18.3,10.1,15.0,17.7,8.5,10.1,10.9,,,,
15/9/2025,07:00,9.9,6.8,7.9,NA,8.6,15.2,11.5,11.9,14.8,14.7,5.0,15.1,10.4,7.1,22.9,10.9,10.6,14.6,13.0,8.9,,,,
16/9/2025,07:00,8.1,5.1,7.2,NA,12.0,10.9,9.0,10.3,8.0,10.3,2.1,12.0,6.9,8.4,13.1,10.5,11.4,11.0,9.5,7.9,,,,
17/9/2025,07:00,8.6,6.9,8.1,NA,8.5,5.7,8.0,8.4,13.7,6.7,7.8,13.9,10.7,10.6,18.7,10.8,12.8,14.9,14.0,10.3,,,,
18/9/2025,07:00,12.0,10.1,8.0,NA,7.0,10.2,8.2,9.8,12.3,12.8,5.4,16.7,10.5,12.0,19.6,11.7,7.0,10.0,12.9,13.8,,,,
19/9/2025,07:00,8.5,6.8,8.6,NA,10.7,13.7,5.7,9.9,11.5,6.4,6.8,15.1,9.4,7.6,19.9,11.5,10.7,8.6,8.9,6.3,,,,
20/9/2025,07:00,7.0,5.9,8.7,NA,9.9,12.1,6.9,13.3,12.7,10.3,5.9,14.8,13.4,11.3,20.9,12.6,9.4,7.5,7.9,6.3,,,,
21/9/2025,07:00,12.3,3.9,7.0,NA,8.1,10.8,9.8,16.1,9.9,13.1,3.9,12.0,10.0,19.3,16.1,9.3,10.3,11.9,10.3,5.9,,,,
22/9/2025,07:00,11.3,9.1,5.0,NA,8.6,15.2,11.5,11.9,14.8,14.7,5.0,15.1,10.4,7.1,22.9,10.9,13.1,6.5,13.8,6.0,,,,
23/9/2025,07:00,8.0,8.6,6.1,NA,12.0,10.9,9.0,10.3,8.0,10.3,2.1,12.0,6.9,8.4,13.1,10.5,14.7,8.9,6.3,5.9,,,,
24/9/2025,07:00,9.9,5.4,9.4,NA,8.5,5.7,8.0,8.4,13.7,6.7,7.8,13.9,10.7,10.6,18.7,10.8,10.3,11.5,6.3,7.0,,,,
25/9/2025,07:00,8.1,6.4,7.8,NA,7.0,10.2,8.2,9.8,12.3,12.8,5.4,16.7,10.5,12.0,19.6,11.7,6.7,9.3,5.9,11.0,,,,
26/9/2025,07:00,8.6,4.7,7.9,NA,11.3,13.6,9.1,14.1,13.6,10.7,7.6,13.5,9.2,9.1,19.1,12.9,12.8,8.6,6.0,11.5,,,,
27/9/2025,07:00,12.0,6.8,11.6,NA,8.0,13.6,5.9,11.6,13.2,9.4,4.9,13.8,7.8,7.4,18.1,11.4,7.0,6.2,5.9,10.6,,,,
28/9/2025,07:00,8.5,5.9,6.7,NA,9.9,12.1,6.9,13.3,12.7,10.3,5.9,14.8,13.4,11.3,20.9,12.6,7.4,6.6,7.0,11.3,,,,
29/9/2025,07:00,7.0,6.8,11.9,NA,8.1,10.8,9.8,16.1,9.9,13.1,3.9,12.0,10.0,19.3,16.1,9.3,7.4,10.2,11.0,8.0,,,,
30/9/2025,07:00,12.3,10.1,9.4,NA,8.6,15.2,11.5,11.9,14.8,14.7,5.0,15.1,10.4,7.1,22.9,10.9,7.9,9.5,11.5,NA,,,,
1/10/2025,07:00,14.4,6.9,5.7,NA,11.0,9.4,10.5,NA,15.1,24.4,10.1,9.9,9.6,NA,6.8,15.0,7.0,6.3,15.3,NA,,,,
2/10/2025,07:00,11.4,7.0,6.2,NA,7.0,10.2,8.2,NA,10.7,13.7,5.7,9.9,11.5,6.4,6.8,10.5,14.7,8.9,6.3,5.9,,,,
3/10/2025,07:00,9.6,13.9,14.0,NA,17.2,13.1,18.3,NA,17.8,22.0,15.0,21.0,11.6,10.5,9.5,22.4,12.2,13.6,23.6,22.6,,,,
4/10/2025,07:00,8.5,5.7,8.0,8.4,13.7,6.7,7.8,NA,14.7,10.9,10.2,7.8,11.9,14.4,5.0,7.9,11.0,NA,7.6,5.9,,,,
5/10/2025,07:00,7.0,10.2,8.2,9.8,12.3,12.8,5.4,NA,13.7,12.7,14.7,7.9,11.9,14.4,5.0,7.9,11.0,NA,7.6,3.9,,,,
6/10/2025,07:00,10.7,13.7,5.7,9.9,11.5,6.4,6.8,NA,11.0,11.2,11.3,10.4,2.6,12.1,6.9,13.3,12.7,NA,5.9,5.0,,,,
7/10/2025,07:00,9.9,12.1,6.9,13.3,12.7,10.3,5.9,NA,14.5,13.4,8.9,14.5,12.0,10.9,9.0,10.3,8.0,NA,2.1,2.1,,,,
8/10/2025,07:00,9.3,8.5,5.7,8.0,8.4,13.7,6.8,NA,12.8,9.7,8.9,9.3,8.5,5.7,8.0,8.4,13.7,NA,7.8,7.8,,,,
9/10/2025,07:00,7.2,12.7,8.2,12.8,19.2,12.8,13.3,NA,17.7,31.5,17.8,24.8,10.4,11.2,8.7,NA,,NA,,5.4,,,,
10/10/2025,07:00,8.4,12.5,18.6,27.4,19.9,16.4,15.5,NA,22.5,35.3,23.6,57.5,17.4,21.5,9.0,NA,17.8,NA,29.2,23.7,,,,
11/10/2025,07:00,8.0,14.7,13.8,35.3,19.4,15.3,14.1,NA,17.3,55.0,19.2,22.3,11.8,14.2,NA,NA,17.5,NA,32.7,17.1,,,,
12/10/2025,07:00,7.0,10.2,8.2,9.8,12.3,12.8,5.4,NA,14.4,5.0,7.9,11.0,5.5,7.6,NA,NA,14.7,NA,8.0,8.5,,,,
13/10/2025,07:00,12.9,12.8,8.6,NA,5.0,7.9,11.0,NA,14.4,5.0,7.9,11.0,5.5,7.6,NA,NA,11.3,NA,9.9,7.0,,,,
14/10/2025,07:00,7.7,9.4,13.6,35.4,18.1,15.7,14.7,NA,21.7,19.3,14.9,32.4,12.6,10.5,NA,NA,14.1,NA,28.7,16.9,,,,
15/10/2025,07:00,9.0,10.5,11.8,35.3,16.0,12.6,12.6,NA,16.8,21.2,15.0,11.6,13.6,7.6,NA,NA,16.3,NA,38.4,14.8,,,,
16/10/2025,07:00,6.8,7.1,11.1,35.5,12.2,13.8,10.3,NA,17.2,14.8,13.8,14.3,10.6,12.3,NA,16.6,8.6,NA,24.4,10.8,,,,
17/10/2025,07:00,7.5,8.9,11.6,35.5,11.4,11.6,10.8,NA,16.6,19.8,13.4,5.6,14.3,10.7,5.2,19.6,15.0,NA,30.1,15.8,,,,
18/10/2025,07:00,8.9,8.9,11.1,35.4,13.2,13.5,10.2,NA,NA,14.6,16.3,7.4,14.0,11.4,5.3,17.9,12.9,NA,27.7,13.2,,,,
19/10/2025,07:00,9.7,8.9,9.3,NA,5.7,9.4,7.6,NA,12.8,9.7,8.9,9.3,8.5,5.7,,22.5,13.7,NA,,,,,,
20/10/2025,07:00,8.1,10.2,10.8,NA,14.3,12.4,14.1,NA,20.1,25.9,16.5,11.1,11.8,10.7,4.7,17.8,11.4,NA,27.6,13.0,,,,
21/10/2025,07:00,14.7,7.9,11.9,NA,10.3,11.9,10.3,NA,6.7,8.5,11.0,5.0,7.8,7.4,6.4,16.4,,NA,,,,,,
22/10/2025,07:00,14.0,15.2,15.3,NA,12.6,19.8,19.3,NA,22.4,29.6,20.1,12.1,14.8,14.9,13.7,23.7,16.2,NA,32.6,20.0,,,,
23/10/2025,07:00,9.1,11.9,9.7,NA,5.8,13.7,14.8,NA,10.0,12.3,11.6,6.1,6.7,8.4,8.8,18.3,12.4,NA,27.0,14.3,,,,
24/10/2025,07:00,7.8,9.4,7.0,NA,6.9,11.5,10.0,NA,6.7,8.5,11.0,5.0,7.8,7.4,6.4,14.8,9.4,NA,22.3,14.3,,,,
25/10/2025,07:00,10.3,6.0,8.4,5.1,12.8,9.7,8.9,NA,8.5,5.7,8.0,8.4,13.7,6.7,7.8,13.9,10.7,10.6,18.7,10.8,,,,
26/10/2025,07:00,10.6,14.6,13.0,7.4,6.6,9.5,12.0,NA,7.0,10.2,8.2,9.8,12.3,12.8,5.4,16.7,10.5,12.0,19.6,11.7,,,,
27/10/2025,07:00,8.5,10.0,8.6,7.4,11.9,14.3,20.7,NA,10.7,13.7,5.7,9.9,11.5,6.4,6.8,15.1,9.4,7.6,19.9,11.5,,,,
28/10/2025,07:00,13.3,10.1,11.2,9.9,15.7,15.2,13.6,NA,9.9,12.1,6.9,13.3,12.7,10.3,5.9,14.8,13.4,11.3,20.9,12.6,,,,
29/10/2025,07:00,9.5,10.9,11.2,6.0,13.5,11.8,14.1,NA,8.1,10.8,9.8,16.1,9.9,13.1,3.9,12.0,10.0,19.3,16.1,9.3,,,,
30/10/2025,07:00,11.4,14.7,10.3,19.1,14.5,16.2,16.6,NA,12.2,8.8,17.4,10.4,17.4,11.8,9.1,21.7,15.1,NA,25.8,NA,,,,
31/10/2025,07:00,12.4,12.2,7.8,15.2,12.2,14.4,13.6,NA,11.7,9.1,16.3,8.5,16.3,12.2,8.6,17.8,10.6,NA,22.1,NA,,,,
1/11/2025,07:00,10.6,14.6,13.0,7.4,6.6,9.5,12.0,NA,7.0,10.2,8.2,9.8,12.3,12.8,5.4,16.7,10.5,NA,19.6,NA,,,,
2/11/2025,07:00,10.2,7.8,11.9,14.4,5.0,7.9,11.0,NA,6.7,8.5,11.0,5.0,7.8,7.4,6.4,14.8,9.4,NA,17.8,NA,,,,
3/11/2025,07:00,6.8,8.7,10.9,16.8,11.1,12.8,10.1,NA,9.5,11.7,,13.3,8.8,7.0,4.7,17.6,7.9,NA,21.2,NA,,,,
4/11/2025,07:00,10.5,14.7,8.9,6.3,5.9,10.2,8.2,NA,10.7,13.7,5.7,9.9,11.5,6.4,6.8,15.1,9.4,NA,13.7,NA,,,,
5/11/2025,07:00,5.8,5.5,7.3,14.8,10.5,11.5,12.3,NA,9.4,8.0,13.1,5.1,10.6,10.4,5.9,18.7,10.5,NA,22.8,NA,,,,
6/11/2025,07:00,8.5,5.7,8.0,8.4,13.7,6.7,7.8,NA,10.7,13.7,5.7,9.9,11.5,6.4,6.8,15.1,9.4,NA,16.3,22.0,,,,
7/11/2025,07:00,13.0,17.4,18.5,24.6,18.3,16.8,20.2,NA,18.0,10.5,24.9,18.7,19.6,20.5,10.1,27.7,21.1,NA,37.8,22.5,,,,
8/11/2025,07:00,5.4,18.7,7.4,9.9,9.5,11.5,17.8,NA,12.9,9.5,10.3,9.5,4.8,8.8,6.9,11.1,11.1,11.0,22.4,15.7,,50,,
9/11/2025,07:00,7.9,11.9,14.4,5.0,7.9,11.0,5.5,NA,9.5,11.7,8.6,11.1,9.6,10.4,4.2,14.0,14.4,NA,17.9,21.2,,70,,
10/11/2025,07:00,9.1,11.3,18.5,26.5,19.6,13.7,14.8,NA,15.6,7.8,11.4,17.5,14.7,8.8,12.7,29.8,16.3,NA,31.7,NA,,20,,
11/11/2025,07:00,8.9,14.5,12.0,10.9,9.0,10.3,8.0,NA,12.0,10.9,9.0,10.3,8.0,10.3,2.1,16.1,7.9,NA,26.7,NA,,,,
12/11/2025,07:00,NA,25.1,13.9,24.4,18.5,23.9,33.0,NA,24.6,7.6,17.6,14.5,15.6,14.3,16.5,27.5,17.4,NA,28.3,NA,,,,
13/11/2025,07:00,6.7,6.8,25.1,12.2,13.8,10.3,9.5,NA,8.5,5.7,8.0,8.4,13.7,6.7,7.8,13.9,10.7,NA,37.6,NA,,,,
14/11/2025,07:00,13.3,11.9,NA,24.5,16.5,18.9,14.5,NA,10.5,7.0,NA,33.5,13.3,18.9,9.6,28.0,19.2,NA,26.0,NA,,,,
15/11/2025,07:00,13.3,10.1,NA,14.8,10.5,11.5,12.3,NA,6.7,8.5,11.0,5.0,7.8,7.4,6.4,24.1,16.1,NA,30.3,23.7,,,,
16/11/2025,07:00,9.5,10.9,NA,7.4,6.6,9.5,12.0,NA,8.5,5.7,8.0,8.4,13.7,6.7,7.8,24.8,19.5,NA,28.7,24.8,,,,
17/11/2025,07:00,12.5,13.1,NA,14.9,14.3,19.4,15.8,NA,13.3,7.9,16.9,6.1,16.9,9.7,10.3,18.8,10.9,NA,24.7,17.6,,,,
18/11/2025,07:00,10.0,9.9,NA,15.9,12.0,12.8,12.5,NA,10.3,8.1,16.7,4.5,9.6,12.0,8.1,23.7,16.4,NA,25.4,20.3,,,,
19/11/2025,07:00,8.6,9.2,NA,19.8,14.6,16.0,18.4,NA,10.7,8.5,12.1,7.1,10.8,10.0,12.1,22.6,16.8,NA,26.1,20.6,,,,
20/11/2025,07:00,10.6,7.2,NA,15.4,12.7,11.9,12.4,NA,9.5,7.7,9.5,3.5,5.4,8.8,8.7,16.5,11.3,NA,NA,14.8,,,,
21/11/2025,07:00,8.3,9.6,NA,16.5,12.9,16.2,16.1,NA,9.2,6.9,13.4,4.2,8.0,12.5,14.1,20.2,19.5,NA,26.2,20.8,,,,
22/11/2025,07:00,15.3,13.7,NA,20.9,17.7,20.2,21.1,NA,15.6,7.8,18.8,11.9,11.2,16.9,19.8,22.0,18.1,NA,32.7,25.0,,,,
23/11/2025,07:00,16.5,20.1,NA,23.7,22.7,22.9,20.2,NA,18.7,NA,19.8,17.5,16.1,17.3,19.2,26.0,19.9,NA,32.0,28.3,,,,
24/11/2025,07:00,20.9,19.9,NA,26.4,26.3,25.0,20.7,NA,17.9,NA,20.4,16.9,16.7,19.5,20.3,29.1,21.7,NA,33.2,31.9,,,,
25/11/2025,07:00,10.8,14.9,NA,20.8,22.5,NA,20.6,NA,17.3,NA,16.1,11.8,12.8,14.8,18.2,24.2,16.8,NA,29.6,26.5,,,,
26/11/2025,07:00,14.3,21.6,NA,28.3,29.8,NA,31.4,NA,20.4,NA,17.0,14.9,17.2,20.8,26.6,35.4,30.6,NA,43.6,36.5,,,,
27/11/2025,07:00,17.4,21.2,NA,28.1,27.4,NA,30.0,NA,20.6,NA,15.0,17.9,16.7,21.4,24.7,33.8,30.8,NA,42.9,35.5,,,,
28/11/2025,07:00,16.6,20.9,NA,29.9,31.8,NA,29.1,NA,17.4,NA,10.0,15.7,16.2,22.2,26.3,34.2,29.6,NA,42.3,32.2,,,,
29/11/2025,07:00,14.6,19.4,NA,26.0,28.9,NA,33.3,NA,17.7,NA,12.9,15.1,19.2,23.6,26.2,32.3,25.8,NA,40.6,39.5,,,,
30/11/2025,07:00,21.4,53.3,NA,43.8,48.8,NA,45.7,NA,45.5,NA,23.3,27.9,32.2,43.4,29.6,43.4,38.7,NA,54.0,53.4,,,,
1/12/2025,07:00,27.3,58.8,NA,44.2,56.9,NA,NA,NA,53.8,NA,16.3,36.2,32.8,48.1,33.3,46.0,39.1,NA,55.9,56.3,,,,
2/12/2025,07:00,27.9,57.4,NA,57.4,56.3,NA,NA,NA,57.4,NA,13.2,44.6,33.5,48.7,31.4,52.3,44.8,NA,60.9,53.7,,,,
3/12/2025,07:00,35.4,63.8,NA,64.4,62.2,NA,NA,NA,60.5,NA,15.5,44.8,31.5,48.3,28.8,49.6,42.1,NA,58.9,62.2,,,,
4/12/2025,07:00,16.9,42.4,NA,35.6,55.9,NA,NA,NA,41.6,NA,36.8,46.1,27.5,40.2,19.7,46.0,34.0,NA,49.0,37.2,,,,
5/12/2025,07:00,8.7,11.4,NA,18.5,36.4,NA,17.6,NA,17.8,NA,11.6,9.3,9.7,12.3,15.0,21.5,12.1,NA,26.0,NA,,,,
6/12/2025,07:00,6.7,15.8,NA,19.0,22.2,NA,17.3,NA,15.6,NA,10.3,8.0,10.7,15.3,13.1,24.9,16.5,NA,31.6,NA,,,,
7/12/2025,07:00,9.2,21.8,NA,22.2,13.3,NA,19.1,NA,21.9,NA,15.2,15.4,16.7,16.0,18.8,28.4,18.8,NA,32.5,NA,,,,
8/12/2025,07:00,9.4,15.5,NA,24.6,12.6,NA,20.3,NA,23.1,NA,19.7,20.2,17.2,16.0,18.4,28.4,20.3,NA,33.8,NA,,,,
9/12/2025,07:00,NA,19.7,NA,21.7,13.3,NA,29.9,NA,12.9,NA,12.9,13.8,13.3,18.1,20.1,26.4,18.1,NA,31.5,NA,,,,
10/12/2025,07:00,17.4,23.7,NA,28.9,18.4,NA,31.9,NA,19.2,NA,16.5,17.2,19.1,21.7,26.6,32.7,25.4,NA,39.3,NA,,,,
11/12/2025,07:00,17.0,17.1,NA,25.3,13.6,23.7,25.5,NA,25.2,NA,14.8,17.8,14.2,18.4,23.1,30.9,24.0,NA,35.9,NA,,,,
12/12/2025,07:00,16.4,19.6,NA,29.5,20.4,25.0,25.5,NA,28.5,NA,23.2,23.0,16.8,25.3,NA,29.2,20.5,NA,33.6,30.4,,,,
13/12/2025,07:00,16.4,23.6,NA,31.6,18.2,30.0,18.8,NA,30.2,NA,27.1,31.4,22.5,33.3,NA,28.2,18.6,NA,33.7,29.1,,,,
14/12/2025,07:00,8.8,22.6,NA,26.8,18.2,14.7,25.1,NA,23.3,NA,14.4,19.8,18.3,27.1,NA,24.6,16.7,NA,30.1,26.4,,,,
15/12/2025,07:00,9.2,11.8,NA,18.8,13.1,16.0,17.7,NA,15.3,NA,13.6,13.6,13.8,NA,NA,25.3,15.7,NA,28.4,22.6,,,,
16/12/2025,07:00,4.4,10.9,NA,18.2,14.3,15.5,16.6,NA,11.4,NA,11.5,10.2,14.5,NA,NA,24.9,19.9,NA,30.8,21.3,,,,
17/12/2025,07:00,7.1,16.4,19.9,24.5,15.1,14.9,19.9,NA,23.8,NA,21.8,13.5,26.1,NA,NA,34.5,26.3,NA,41.6,34.1,,,,
18/12/2025,07:00,10.7,13.2,14.9,19.1,12.7,17.6,14.7,NA,18.9,NA,15.2,15.9,20.3,NA,NA,25.9,17.2,NA,29.9,22.8,,,,
19/12/2025,07:00,NA,9.1,11.3,17.8,13.1,14.4,20.5,NA,11.7,NA,12.0,12.5,20.1,NA,NA,25.7,17.3,NA,26.6,21.4,,,,
20/12/2025,07:00,12.8,27.2,29.5,30.8,15.7,21.2,30.2,NA,27.7,NA,27.1,21.4,26.6,30.3,NA,41.2,39.3,NA,49.7,48.9,,,,
21/12/2025,07:00,11.5,26.8,20.0,25.4,14.3,21.0,33.3,NA,25.7,NA,22.6,21.8,30.1,31.1,NA,34.8,30.5,NA,45.1,39.2,,,,
22/12/2025,07:00,13.4,21.1,20.0,23.0,16.0,20.9,26.0,NA,24.3,NA,21.1,14.7,24.9,29.9,16.5,29.4,22.1,NA,33.6,30.8,,,,
23/12/2025,07:00,8.5,18.7,18.8,25.1,13.5,18.6,13.6,NA,27.3,NA,24.5,17.2,29.2,29.2,13.8,33.9,26.1,NA,39.2,27.3,,,,
24/12/2025,07:00,9.8,18.1,18.7,27.2,14.0,17.8,23.8,NA,22.2,NA,12.2,16.4,23.3,19.0,15.8,37.6,30.4,NA,42.1,28.4,,,,
25/12/2025,07:00,16.0,24.1,25.5,29.7,15.1,17.5,25.2,NA,24.1,NA,24.9,23.6,30.1,31.9,17.6,36.7,26.5,NA,42.5,33.7,,,,
26/12/2025,07:00,12.6,22.1,22.8,20.1,12.2,20.5,19.9,NA,18.4,NA,11.2,20.6,28.6,22.0,NA,37.6,33.5,NA,41.5,NA,,,,
27/12/2025,07:00,8.8,10.9,NA,21.2,12.2,14.8,13.5,NA,20.0,NA,4.6,14.6,18.9,16.6,NA,25.8,16.9,NA,29.1,NA,,,,
28/12/2025,07:00,9.3,13.4,14.7,18.0,11.8,18.6,18.8,NA,12.7,NA,6.1,13.8,19.0,18.1,NA,25.2,19.7,NA,29.3,NA,,,,
29/12/2025,07:00,12.2,13.0,16.8,21.0,13.0,18.6,26.0,NA,15.5,NA,25.7,10.4,13.0,22.4,NA,29.4,17.3,NA,33.7,NA,,,,
30/12/2025,07:00,14.1,34.4,22.2,25.8,14.3,19.5,28.5,NA,23.6,NA,28.5,19.0,16.3,23.9,NA,36.8,29.3,NA,49.0,34.9,,,,
31/12/2025,07:00,19.8,33.9,24.6,37.8,16.4,26.8,30.6,NA,34.7,NA,29.9,22.5,17.8,24.3,NA,NA,27.5,NA,45.0,23.4,,,,
01/01/2026,07:00,21.5,38.0,NA,42.7,17.2,28.9,40.4,NA,38.4,NA,34.0,NA,21.6,31.0,NA,NA,41.8,NA,62.6,48.5,,,,
02/01/2026,07:00,22.8,32.6,NA,36.0,16.8,28.0,28.4,NA,43.1,NA,36.4,NA,19.9,36.5,NA,NA,43.4,NA,60.8,41.3,,,,
03/01/2026,07:00,15.5,21.6,NA,26.2,13.4,22.7,19.2,NA,23.3,NA,28.4,23.1,15.7,24.8,NA,NA,22.3,NA,35.0,24.2,,,,
04/01/2026,07:00,17.2,21.5,NA,23.5,13.3,24.2,29.4,NA,25.0,NA,35.0,21.2,14.7,30.1,NA,NA,19.7,NA,35.6,25.0,,,,
05/01/2026,07:00,15.3,22.2,NA,25.0,17.2,19.4,25.9,NA,18.2,NA,24.4,18.2,15.1,22.4,NA,NA,20.4,NA,37.6,25.2,,,,
06/01/2026,07:00,17.5,16.7,20.3,27.5,13.3,22.8,24.4,NA,18.6,NA,26.2,19.2,19.3,26.3,NA,NA,27.6,NA,42.3,28.7,,,,
07/01/2026,07:00,16.7,14.3,15.7,20.1,14.1,20.9,20.0,NA,19.1,NA,23.8,20.2,16.5,23.5,NA,23.9,18.9,NA,31.9,22.4,,,,
08/01/2026,07:00,16.2,11.8,13.5,20.1,16.5,21.3,18.4,NA,13.5,NA,19.2,11.5,13.9,19.4,NA,21.1,16.7,NA,29.6,17.8,,,,
09/01/2026,07:00,18.8,18.6,17.7,25.1,18.7,28.1,26.7,NA,12.9,NA,20.4,11.6,15.0,21.3,NA,29.0,19.7,NA,35.8,26.0,,,,
10/01/2026,07:00,23.0,28.0,23.4,28.9,20.0,31.7,36.7,NA,23.7,NA,22.6,21.0,18.6,29.2,NA,36.9,30.3,NA,45.8,30.7,,,,
11/01/2026,07:00,23.1,26.1,22.2,31.0,18.4,28.9,29.0,NA,29.1,NA,27.5,25.6,22.4,32.1,NA,34.6,26.9,NA,44.5,31.6,,,,
12/01/2026,07:00,24.3,28.5,NA,34.0,15.1,32.5,29.9,NA,34.4,NA,31.2,30.9,22.7,36.7,NA,34.3,29.3,NA,44.2,32.6,,,,
13/01/2026,07:00,27.2,43.4,NA,39.1,17.3,33.9,36.1,NA,40.7,NA,39.4,32.9,24.7,42.6,NA,37.7,NA,NA,50.4,41.6,,,,
14/01/2026,07:00,31.9,49.4,NA,49.7,18.3,43.0,39.0,NA,45.7,24.3,43.2,44.4,25.1,46.3,NA,51.7,66.4,NA,65.5,55.5,,,,
15/01/2026,07:00,31.4,55.9,55.1,69.4,21.7,44.8,54.2,NA,57.0,29.1,47.7,67.1,30.3,39.4,NA,56.0,44.8,NA,67.9,57.0,,,,
16/01/2026,07:00,30.1,67.3,51.3,58.6,47.8,38.0,56.3,NA,64.1,48.0,35.4,46.7,23.3,30.9,NA,54.2,37.3,NA,64.9,55.5,,,,
17/01/2026,07:00,27.1,49.3,46.2,38.6,47.8,37.0,60.3,NA,42.3,34.5,26.0,35.6,19.1,22.6,NA,35.4,24.4,NA,48.2,33.9,,,,
18/01/2026,07:00,25.9,43.7,24.5,35.9,43.7,32.1,56.0,NA,37.5,NA,27.0,28.3,17.2,21.5,50.9,28.1,20.1,NA,33.9,23.4,,,,
19/01/2026,07:00,23.8,45.2,27.1,34.6,44.5,34.3,48.0,NA,37.5,NA,14.4,28.7,16.8,19.7,48.1,29.9,22.2,NA,34.9,24.9,,,,
20/01/2026,07:00,24.8,37.5,27.9,28.4,45.0,29.3,44.4,NA,33.2,NA,15.3,22.7,18.0,21.6,46.1,37.8,30.3,NA,47.0,27.9,,,,
,,,,,,,,,,,,,,,,,,,,,,,,,
,,,,,,,,,,,,,,,,,,,,,,,,,
,,,,,,,,,,,,,,,,,,,,,,,,,
,,,,,,,,,,,,,,,,,,,,,,,,,
,,,,,,,,,,,,,,,,,,,,,,,,,
,,,,,,,,,,,,,,,,,,,,,,,,,
,,,,,,,,,,,,,,,,,,,,,,,,,
,,,,,,,,,,,,,,,,,,,,,,,,,
,,,,,,,,,,,,,,,,,,,,,,,,,
,,,,,,,,,,,,,,,,,,,,,,,,,
,,,,,,,,,,,,,,,,,,,,,,,,,
,,,,,,,,,,,,,,,,,,,,,,,,,
,,,,,,,,,,,,,,,,,,,,,,,,,
,,,,,,,,,,,,,,,,,,,,,,,,,
,,,,,,,,,,,,,,,,,,,,,,,,,
,,,,,,,,,,,,,,,,,,,,,,,,,
,,,,,,,,,,,,,,,,,,,,,,,,,
,,,,,,,,,,,,,,,,,,,,,,,,,
,,,,,,,,,,,,,,,,,,,,,,,,,
,,,,,,,,,,,,,,,,,,,,,,,,,
,,,,,,,,,,,,,,,,,,,,,,,,,
,,,,,,,,,,,,,,,,,,,,,,,,,
,,,,,,,,,,,,,,,,,,,,,,,,,
,,,,,,,,,,,,,,,,,,,,,,,,,
,,,,,,,,,,,,,,,,,,,,,,,,,
,,,,,,,,,,,,,,,,,,,,,,,,,
,,,,,,,,,,,,,,,,,,,,,,,,,
,,,,,,,,,,,,,,,,,,,,,,,,,
,,,,,,,,,,,,,,,,,,,,,,,,,
,,,,,,,,,,,,,,,,,,,,,,,,,
,,,,,,,,,,,,,,,,,,,,,,,,,
,,,,,,,,,,,,,,,,,,,,,,,,,
,,,,,,,,,,,,,,,,,,,,,,,,,
,,,,,,,,,,,,,,,,,,,,,,,,,
,,,,,,,,,,,,,,,,,,,,,,,,,
,,,,,,,,,,,,,,,,,,,,,,,,,
,,,,,,,,,,,,,,,,,,,,,,,,,
,,,,,,,,,,,,,,,,,,,,,,,,,
,,,,,,,,,,,,,,,,,,,,,,,,,
,,,,,,,,,,,,,,,,,,,,,,,,,
,,,,,,,,,,,,,,,,,,,,,,,,,
,,,,,,,,,,,,,,,,,,,,,,,,,
,,,,,,,,,,,,,,,,,,,,,,,,,
,,,,,,,,,,,,,,,,,,,,,,,,,
,,,,,,,,,,,,,,,,,,,,,,,,,
,,,,,,,,,,,,,,,,,,,,,,,,,
,,,,,,,,,,,,,,,,,,,,,,,,,
,,,,,,,,,,,,,,,,,,,,,,,,,
,,,,,,,,,,,,,,,,,,,,,,,,,
,,,,,,,,,,,,,,,,,,,,,,,,,
,,,,,,,,,,,,,,,,,,,,,,,,,
,,,,,,,,,,,,,,,,,,,,,,,,,
,,,,,,,,,,,,,,,,,,,,,,,,,
,,,,,,,,,,,,,,,,,,,,,,,,,
,,,,,,,,,,,,,,,,,,,,,,,,,
,,,,,,,,,,,,,,,,,,,,,,,,,
,,,,,,,,,,,,,,,,,,,,,,,,,
,,,,,,,,,,,,,,,,,,,,,,,,,
,,,,,,,,,,,,,,,,,,,,,,,,,
,,,,,,,,,,,,,,,,,,,,,,,,,
,,,,,,,,,,,,,,,,,,,,,,,,,
,,,,,,,,,,,,,,,,,,,,,,,,,
,,,,,,,,,,,,,,,,,,,,,,,,,
,,,,,,,,,,,,,,,,,,,,,,,,,
,,,,,,,,,,,,,,,,,,,,,,,,,
,,,,,,,,,,,,,,,,,,,,,,,,,
,,,,,,,,,,,,,,,,,,,,,,,,,
,,,,,,,,,,,,,,,,,,,,,,,,,
,,,,,,,,,,,,,,,,,,,,,,,,,
,,,,,,,,,,,,,,,,,,,,,,,,,
,,,,,,,,,,,,,,,,,,,,,,,,,
,,,,,,,,,,,,,,,,,,,,,,,,,
,,,,,,,,,,,,,,,,,,,,,,,,,
,,,,,,,,,,,,,,,,,,,,,,,,,
,,,,,,,,,,,,,,,,,,,,,,,,,
,,,,,,,,,,,,,,,,,,,,,,,,,
,,,,,,,,,,,,,,,,,,,,,,,,,
,,,,,,,,,,,,,,,,,,,,,,,,,
,,,,,,,,,,,,,,,,,,,,,,,,,
,,,,,,,,,,,,,,,,,,,,,,,,,
,,,,,,,,,,,,,,,,,,,,,,,,,
,,,,,,,,,,,,,,,,,,,,,,,,,
,,,,,,,,,,,,,,,,,,,,,,,,,
,,,,,,,,,,,,,,,,,,,,,,,,,
,,,,,,,,,,,,,,,,,,,,,,,,,
,,,,,,,,,,,,,,,,,,,,,,,,,
,,,,,,,,,,,,,,,,,,,,,,,,,
,,,,,,,,,,,,,,,,,,,,,,,,,
,,,,,,,,,,,,,,,,,,,,,,,,,
,,,,,,,,,,,,,,,,,,,,,,,,,
,,,,,,,,,,,,,,,,,,,,,,,,,
,,,,,,,,,,,,,,,,,,,,,,,,,
,,,,,,,,,,,,,,,,,,,,,,,,,
,,,,,,,,,,,,,,,,,,,,,,,,,
,,,,,,,,,,,,,,,,,,,,,,,,,
,,,,,,,,,,,,,,,,,,,,,,,,,
,,,,,,,,,,,,,,,,,,,,,,,,,
,,,,,,,,,,,,,,,,,,,,,,,,,
,,,,,,,,,,,,,,,,,,,,,,,,,
,,,,,,,,,,,,,,,,,,,,,,,,,
,,,,,,,,,,,,,,,,,,,,,,,,,
,,,,,,,,,,,,,,,,,,,,,,,,,
,,,,,,,,,,,,,,,,,,,,,,,,,
,,,,,,,,,,,,,,,,,,,,,,,,,
,,,,,,,,,,,,,,,,,,,,,,,,,
,,,,,,,,,,,,,,,,,,,,,,,,,
,,,,,,,,,,,,,,,,,,,,,,,,,
,,,,,,,,,,,,,,,,,,,,,,,,,
,,,,,,,,,,,,,,,,,,,,,,,,,
,,,,,,,,,,,,,,,,,,,,,,,,,
,,,,,,,,,,,,,,,,,,,,,,,,,
,,,,,,,,,,,,,,,,,,,,,,,,,
,,,,,,,,,,,,,,,,,,,,,,,,,
,,,,,,,,,,,,,,,,,,,,,,,,,
,,,,,,,,,,,,,,,,,,,,,,,,,
,,,,,,,,,,,,,,,,,,,,,,,,,
,,,,,,,,,,,,,,,,,,,,,,,,,
,,,,,,,,,,,,,,,,,,,,,,,,,
,,,,,,,,,,,,,,,,,,,,,,,,,
,,,,,,,,,,,,,,,,,,,,,,,,,
,,,,,,,,,,,,,,,,,,,,,,,,,
,,,,,,,,,,,,,,,,,,,,,,,,,
,,,,,,,,,,,,,,,,,,,,,,,,,
,,,,,,,,,,,,,,,,,,,,,,,,,
,,,,,,,,,,,,,,,,,,,,,,,,,
,,,,,,,,,,,,,,,,,,,,,,,,,
,,,,,,,,,,,,,,,,,,,,,,,,,
,,,,,,,,,,,,,,,,,,,,,,,,,
,,,,,,,,,,,,,,,,,,,,,,,,,
,,,,,,,,,,,,,,,,,,,,,,,,,
,,,,,,,,,,,,,,,,,,,,,,,,,
,,,,,,,,,,,,,,,,,,,,,,,,,
,,,,,,,,,,,,,,,,,,,,,,,,,
,,,,,,,,,,,,,,,,,,,,,,,,,
,,,,,,,,,,,,,,,,,,,,,,,,,
,,,,,,,,,,,,,,,,,,,,,,,,,
,,,,,,,,,,,,,,,,,,,,,,,,,
,,,,,,,,,,,,,,,,,,,,,,,,,
,,,,,,,,,,,,,,,,,,,,,,,,,
,,,,,,,,,,,,,,,,,,,,,,,,,
,,,,,,,,,,,,,,,,,,,,,,,,,
,,,,,,,,,,,,,,,,,,,,,,,,,
,,,,,,,,,,,,,,,,,,,,,,,,,
,,,,,,,,,,,,,,,,,,,,,,,,,
,,,,,,,,,,,,,,,,,,,,,,,,,
,,,,,,,,,,,,,,,,,,,,,,,,,
,,,,,,,,,,,,,,,,,,,,,,,,,
,,,,,,,,,,,,,,,,,,,,,,,,,
,,,,,,,,,,,,,,,,,,,,,,,,,
,,,,,,,,,,,,,,,,,,,,,,,,,
,,,,,,,,,,,,,,,,,,,,,,,,,
,,,,,,,,,,,,,,,,,,,,,,,,,
,,,,,,,,,,,,,,,,,,,,,,,,,
,,,,,,,,,,,,,,,,,,,,,,,,,
,,,,,,,,,,,,,,,,,,,,,,,,,
,,,,,,,,,,,,,,,,,,,,,,,,,
,,,,,,,,,,,,,,,,,,,,,,,,,
,,,,,,,,,,,,,,,,,,,,,,,,,
,,,,,,,,,,,,,,,,,,,,,,,,,
,,,,,,,,,,,,,,,,,,,,,,,,,
,,,,,,,,,,,,,,,,,,,,,,,,,
,,,,,,,,,,,,,,,,,,,,,,,,,
,,,,,,,,,,,,,,,,,,,,,,,,,
,,,,,,,,,,,,,,,,,,,,,,,,,
,,,,,,,,,,,,,,,,,,,,,,,,,
,,,,,,,,,,,,,,,,,,,,,,,,,
,,,,,,,,,,,,,,,,,,,,,,,,,
,,,,,,,,,,,,,,,,,,,,,,,,,
,,,,,,,,,,,,,,,,,,,,,,,,,
,,,,,,,,,,,,,,,,,,,,,,,,,
,,,,,,,,,,,,,,,,,,,,,,,,,
,,,,,,,,,,,,,,,,,,,,,,,,,
,,,,,,,,,,,,,,,,,,,,,,,,,
,,,,,,,,,,,,,,,,,,,,,,,,,
,,,,,,,,,,,,,,,,,,,,,,,,,
,,,,,,,,,,,,,,,,,,,,,,,,,
,,,,,,,,,,,,,,,,,,,,,,,,,
,,,,,,,,,,,,,,,,,,,,,,,,,
,,,,,,,,,,,,,,,,,,,,,,,,,
,,,,,,,,,,,,,,,,,,,,,,,,,